Id,Account Name,State,Type,Owner
0010h00001cxu3iAAA,?SOB,Czech Republic,Prospect,Axonify
001Mm00000BXaMYIA1,&ranj,Netherlands,Prospect,Axonify
0018a00001nN4JWAA0,11-Jul,Bulgaria,Prospect,Axonify
001Mm0000088SYnIAM,3Banka,Serbia,Prospect,Axonify
0018a00001n3cxIAAQ,3Weeks Consulting,Spain,Prospect,Axonify
0010h00001ktl95AAA,a: r kaiv,Belgium,Prospect,Axonify
0018a000020rCGhAAM,A.S. Watson Benelux,Netherlands,Prospect,Axonify
0010h00001a9jV8AAI,A.S. Watson Group,Switzerland,Prospect,Axonify
001Mm00000Bf88AIAR,A1 Hrvatska d.o.o.,Croatia,Prospect,Axonify
0010h00001cxtreAAA,ABB Elektrik Sanayi A.S.,Turkey,Prospect,Axonify
0010h00001cxuCnAAI,ABB Headquarter,Switzerland,Prospect,Axonify
0010h00001cxuUFAAY,ABB s.r.o.,Czech Republic,Prospect,Axonify
0010h00001cxtflAAA,Abengoa,Spain,Prospect,Axonify
001Mm000009QgckIAC,ABG,Switzerland,Prospect,Axonify
0010h00001Ya0YzAAJ,ABInBev,Switzerland,Prospect,Axonify
0010h00001cxuwcAAA,ABN AMRO Bank N.V.,Belgium,Prospect,Axonify
0010h00001Ya49CAAR,ABN AMRO North America,Netherlands,Prospect,Axonify
0018a00001uBKgyAAG,ABOUND FOOD CARE,Portugal,Prospect,Axonify
0010h00001eDRdNAAW,Absheron Hotel Group,Azerbaijan,Partner,Axonify
0010h00001cxtiKAAQ,AC Hotels,United Kingdom,Prospect,Axonify
0010L00001rDrKDQA0,Accesa EU,Romania,Prospect,Axonify
0010h00001YrHj4AAF,Acciona Spain,Spain,Prospect,Axonify
0010L00001jRhEHQA0,Achmea,Netherlands,Prospect,Axonify
0018a00001mdT7wAAE,Acino South Africa,Switzerland,Prospect,Axonify
001Mm00000DLtNmIAL,Acomo NV,Netherlands,Prospect,Axonify
001E000001UtSW8IAN,Actelion Ltd,Switzerland,Prospect,Axonify
001E000001UtSZbIAN,Actelion Pharmaceuticals Ltd,Switzerland,Prospect,Axonify
001E000001Cb315IAB,Action,Netherlands,Prospect,Axonify
0010h00001cxuUIAAY,ADB SAFEGATE,Belgium,Prospect,Axonify
0010h00001aAfyIAAS,Adecco Outsourcing,Spain,Prospect,Axonify
0010h00001dwTesAAE,Adessa Group,Belgium,Prospective Partner,Axonify
001Mm00000DLtNfIAL,ADG Dienstengroep B.V.,Netherlands,Prospect,Axonify
001E000001NyYb0IAF,Aditio,Spain,Prospective Partner,Axonify
0010h00001cxuC3AAI,ADM WILD Europe,Switzerland,Prospect,Axonify
001Mm00000MKaLXIA1,Admidex B.V.,Netherlands,Prospect,Axonify
0010h00001hK1o5AAC,Adria Grupa,Croatia,Prospect,Axonify
0018a000026gXKfAAM,Advanced Medical Solutions - Holding Account,United Kingdom,Customer Holding Account,Axonify
0010h00001f4vR1AAI,Advanced Sterilization Products (ASP),Spain,Prospect,Axonify
0010h00001ix2WrAAI,Afterpay,Netherlands,Prospect,Axonify
001Mm00000MKg7PIAT,AG Anadolu Grubu Holding AS,Turkey,Prospect,Axonify
0010h00001Yan9nAAB,AG Insurance,Belgium,Prospect,Axonify
0018a00001tEGYOAA4,Ageas,Belgium,Prospect,Axonify
001E000001CcTGHIA3,"Agent?ra ?PAS, UAB",Lithuania,Prospective Partner,Axonify
0010h00001cxu4cAAA,Agfa,Belgium,Prospect,Axonify
001Mm00000BV2lZIAT,AGU,Netherlands,Prospect,Axonify
0018a00002MUmwaAAD,Ahold Delhaize,Netherlands,Prospect,Axonify
0010h00001dwi9PAAQ,Ahold Delhaize - EU,Netherlands,Prospect,Axonify
001Mm00000DLpJbIAL,Ahold Nederland B.V.,Netherlands,Prospect,Axonify
001Mm00000DLvMzIAL,Ahold Supermercados Malaga S.l.,Spain,Prospect,Axonify
0010h00001iybU8AAI,Ahorram�s,Spain,Prospect,Axonify
0010h00001cxuuTAAQ,AIESEC,Czech Republic,Prospect,Axonify
0010h00001cxtqVAAQ,Air Liquide Healthcare Iberia,Spain,Prospect,Axonify
0010h00001cxuUWAAY,Air Liquide Industries Belgium NV,Belgium,Prospect,Axonify
0010h00001cxuChAAI,Air Products,Netherlands,Prospect,Axonify
001E0000017snK4IAI,Airbus Group,Netherlands,Prospect,Axonify
0010h00001cxtoiAAA,Akbank,Turkey,Prospect,Axonify
0010h00001cxu3XAAQ,Akzo Nobel Packaging Coatings,Spain,Prospect,Axonify
0010h00001dvxqGAAQ,AkzoNobel Netherlands,Netherlands,Prospect,Axonify
0010h00001axiVdAAI,ALB Telecom,Albania,Prospect,Axonify
0010h00001iisYIAAY,Albert Ceska republika,Czech Republic,Prospect,Axonify
0010L00001jQlQCQA0,Albert Heijn,Netherlands,Prospect,Axonify
0018a00002K8POnAAN,Albert Heijn Belgium,Belgium,Prospect,Axonify
0018a00001tEImJAAW,Alcon EMEA,Switzerland,Prospect,Axonify
0010h00001iisYNAAY,Aldi Belgium,Belgium,Prospect,Axonify
0010h00001iisYQAAY,Aldi Hungary,Hungary,Prospect,Axonify
0010h00001iisYTAAY,Aldi Luxembourg,Luxembourg,Prospect,Axonify
0010h00001iibZmAAI,Aldi Nederland,Netherlands,Prospect,Axonify
0010h00001iisYVAAY,Aldi Portugal,Portugal,Prospect,Axonify
0010h00001iisYWAAY,Aldi Spain,Spain,Prospect,Axonify
0010h00001iisYXAAY,ALDI SUISSE AG,Switzerland,Prospect,Axonify
0010h00001YaySqAAJ,Alfa Bank Ukraine,Ukraine,Prospect,Axonify
0010h00001cxtsAAAQ,Alfa Laval Iberia,Spain,Prospect,Axonify
0010h00001cxtciAAA,Alliance Healthcare,Netherlands,Prospect,Axonify
0018a000020rR1cAAE,Alliander,Netherlands,Prospect,Axonify
0018a00002FIne2AAD,Allianz,Switzerland,Prospect,Axonify
0010h00001cxtrfAAA,"Allianz - Slovenska poistovna, a.s.",Slovakia,Prospect,Axonify
001E0000017soIUIAY,Allianz Life Insurance Company Hungary,Hungary,Prospect,Axonify
0018a00001oeuf6AAA,Allumber,Lithuania,Prospect,Axonify
0010h00001cxuURAAY,Almatis BV,Netherlands,Prospect,Axonify
0010h00001a9xmMAAQ,Almirall,Spain,Prospect,Axonify
0010h00001cxu5iAAA,ALPIQ ENERGY SE,Czech Republic,Prospect,Axonify
001Mm00000ad0MrIAI,Altissima Group,Monaco,Prospect,Axonify
001Mm00000DLnipIAD,Alza.cz a.s.,Czech Republic,Prospect,Axonify
0010h00001cxtlrAAA,Amadeus IT Group,Spain,Prospect,Axonify
0018a00001tESYXAA4,Aman,Switzerland,Prospect,Axonify
0010h00001a9jT7AAI,Amcor,Switzerland,Prospect,Axonify
0010h00001YbDgKAAV,AMG Advanced Metallurgical Group N.V.,Netherlands,Prospect,Axonify
0010h00001cxu1aAAA,"ANA - Aeroportos de Portugal, SA",Portugal,Prospect,Axonify
0010h00001cxtcrAAA,Anadolu Efes,Turkey,Prospect,Axonify
0010h00001cxuPCAAY,Antonio Puig,Spain,Prospect,Axonify
0010h00001cxu1mAAA,Aperam,Luxembourg,Prospect,Axonify
0018a00002JaYuCAAV,Apertus Nonprofit Kft.,Hungary,Prospect,Axonify
0010h00001cxtjuAAA,APG,Netherlands,Prospect,Axonify
0010h00001cxuUHAAY,APM Terminals Rotterdam B.V.,Netherlands,Prospect,Axonify
0018a00002K8POcAAN,Apol�nia Supermercados,Portugal,Prospect,Axonify
0018a00002JaZ9lAAF,AR Visual,Czech Republic,Prospect,Axonify
0010h00001cxtz3AAA,Aramex,Netherlands,Prospect,Axonify
0010h00001YbG80AAF,Aras Kargo,Turkey,Prospect,Axonify
001E000000P5UjPIAV,Arcadis,Netherlands,Prospect,Axonify
001E000000i0pAXIAY,ArcelorMittal,Luxembourg,Prospect,Axonify
0010h00001cxtzVAAQ,Archroma,Spain,Prospect,Axonify
0010h00001cxuUOAAY,Ardo,Belgium,Prospect,Axonify
0018a00002JaZEpAAN,Areas,Spain,Prospect,Axonify
001Mm00000DUyshIAD,Arenes de Muro 2004 Sl,Spain,Prospect,Axonify
001Mm00000TunVEIAZ,Arklyz Group AG,Switzerland,Prospect,Axonify
0018a00002FIqX0AAL,Arriva Nederland,Netherlands,Prospect,Axonify
0010h00001cxu5SAAQ,Arval Belgium,Belgium,Prospect,Axonify
0010h00001a9jd2AAA,ARYZTA AG,Switzerland,Prospect,Axonify
0018a00002FIndnAAD,As Adventure,Belgium,Prospect,Axonify
0018a00002JaZyeAAF,asavd,Romania,Prospect,Axonify
0010h00001cxtx0AAA,Ascensia Diabetes Care,Switzerland,Prospect,Axonify
0010h00001cxuVFAAY,ASCO,Belgium,Prospect,Axonify
001Mm00000ETv7lIAD,ASICS,Netherlands,Prospect,Axonify
0010h00001cxtisAAA,ASK Chemicals,Spain,Prospect,Axonify
0010h00001cxu4XAAQ,ASML Netherlands B.V.,Netherlands,Prospect,Axonify
0018a00002FJQJDAA5,ASML Veldhoven (Netherlands),Netherlands,Prospect,Axonify
0010L00001mlwKrQAI,ASR,Netherlands,Prospect,Axonify
0010h00001cxuvCAAQ,ASR Group - Sidul Açúcares,Portugal,Prospect,Axonify
0010h00001dvWMOAA2,ASR Nederland - Holding Account,Netherlands,Customer Holding Account,Axonify
0018a00001tEXSEAA4,Astara,Spain,Prospect,Axonify
001E000001A6QpiIAF,AstraZeneca Pharmaceuticals Turkey,Turkey,Prospect,Axonify
0010h00001avsADAAY,At,Portugal,Prospect,Axonify
001Mm00000DM3W1IAL,Atento SA,Luxembourg,Prospect,Axonify
0010h00001Zy8cAAAR,Atlantic Grupa,Croatia,Prospect,Axonify
0010h00001cxuuSAAQ,Atlas Copco Italia,Spain,Prospect,Axonify
0010h00001cxuNjAAI,Atos Worldline,Belgium,Prospect,Axonify
0010h00001cxtk9AAA,Atradius Belgium / Luxembourg,Belgium,Prospect,Axonify
001Mm00000DLt4wIAD,Auchan Magyarorsz�g Kft.,Hungary,Prospect,Axonify
0010h00001czQbFAAU,Auchan Portugal,Portugal,Prospect,Axonify
0018a00002K8POYAA3,Auchan Retail Espa�a (Alcampo),Spain,Prospect,Axonify
0018a00002K8PPPAA3,Auchan Romania,Romania,Prospect,Axonify
0010h00001cxuUgAAI,Aurubis Belgium nv,Belgium,Prospect,Axonify
001Mm00000MKjPyIAL,Austria SPAR International AG,Switzerland,Prospect,Axonify
001E000001QQqIIIA1,Autodesk SA,Switzerland,Prospect,Axonify
0010h00001czfRoAAI,Autogrill,United Kingdom,Prospect,Axonify
0018a00001lbamVAAQ,Avast,Czech Republic,Prospect,Axonify
0010h00001cxu44AAA,Avebe,Netherlands,Prospect,Axonify
0018a000020r58DAAQ,Avolta AG - Holding Account,Switzerland,Customer Holding Account,Axonify
0010L00001rc9HnQAI,Avon Balkans,Bulgaria,Prospect,Axonify
0018a00001oeufaAAA,Axians Digital Consulting,Portugal,Prospect,Axonify
0018a00001tCZDrAAO,Axians Portugal,Portugal,Prospect,Axonify
0010h00001cxuwJAAQ,AXIS CORPORATE,Spain,Prospect,Axonify
0018a00002MUmyWAAT,Axonet,Switzerland,Prospect,Axonify
0010h00001cxuTAAAY,Axpo Group,Switzerland,Prospect,Axonify
0010L00001rD1phQAC,Ayaydin-Miroglio Group,Turkey,Prospect,Axonify
0010L00001rDBYZQA4,Aydin Sut Mamulleri Ve Gida Tic Ltd,Turkey,Prospect,Axonify
0010h00001cxuU1AAI,B. Braun Group,Switzerland,Prospect,Axonify
0010h00001cxuvLAAQ,B. Braun Medical nv/sa en B. Braun Medical bv,Belgium,Prospect,Axonify
0010h00001d0aRdAAI,Baa training,Lithuania,Prospect,Axonify
001E000001QQqjdIAD,Ball Corporation Europe,Switzerland,Prospect,Axonify
0018a000020rCGIAA2,Balta,Belgium,Prospect,Axonify
0010L00001jTVRlQAO,"Banco Santander, S.A.",Spain,Prospect Logo,Axonify
0010h00001cxu5yAAA,Bank CIC |Switzerland|,Switzerland,Prospect,Axonify
0018a00002JaP9PAAV,Banque de Luxembourg,Luxembourg,Prospect,Axonify
001Mm00000GHtIFIA1,baretomfg,Spain,Prospect,Axonify
0010h00001cxtelAAA,Barry Callebaut Italy Group,Switzerland,Prospect,Axonify
0010L00001kVVz3QAG,Bata Brands SA,Switzerland,Prospect,Axonify
0018a00001qX9LBAA0,BBZ,Switzerland,Prospect,Axonify
001Mm00000MKalrIAD,BCD Travel B.V.,Netherlands,Prospect,Axonify
0010L00001qw2aFQAQ,BearingPoint,Netherlands,Prospect,Axonify
0010h00001cxtrDAAQ,Befesa,Spain,Prospect,Axonify
001Mm00000Zd3mlIAB,Betfair,Malta,Prospect,Axonify
0018a00002JaZ0JAAV,Beybalbas,Spain,Prospect,Axonify
0010h00001ix1nIAAQ,Bina Istra,Croatia,Previous Customer,Axonify
0018a00002JaYt4AAF,Bina-Istra operation and maintenance Ltd.,Croatia,Prospect,Axonify
0010h00001fbwZ6AAI,Biogen - Switzerland,Switzerland,Prospect,Axonify
0010h00001cxtjdAAA,Bionorica SE,Spain,Prospect,Axonify
001Mm00000FigPVIAZ,BioVega,Croatia,Prospect,Axonify
0018a00002JaacwAAB,Biow,Spain,Prospect,Axonify
0018a00001tEIo5AAG,BIP Consulting,Spain,Prospect,Axonify
0010h00001cxtnwAAA,Bisnode Belgium,Belgium,Prospect,Axonify
0010h00001cxtnhAAA,Bisnode D&B Schweiz AG,Switzerland,Prospect,Axonify
0018a00001lbar1AAA,Bitdefender,Romania,Prospect,Axonify
0018a000026gaUqAAI,Blindspot Solutions,Czech Republic,Prospect,Axonify
0018a000026geRjAAI,Bloomreach,Netherlands,Prospect,Axonify
0010h00001dwKNGAA2,Bluewin,Switzerland,Prospect,Axonify
0010h00001cxuTVAAY,BMC Otomotiv San. ve Tic.A.?.,Turkey,Prospect,Axonify
0010L00001nGIveQAG,BMW Iberica Sau (Spain),Spain,Prospect,Axonify
0010h00001XXGTRAA5,BNP Paribas Fortis,Belgium,Prospect,Axonify
0010h00001cxte3AAA,BNP Paribas in Switzerland,Switzerland,Prospect,Axonify
0018a00002GkJ9AAAV,Board International,Switzerland,Prospect,Axonify
0010L00001kWwKnQAK,Bobst Group Inc,Switzerland,Prospect,Axonify
0010h00001hEFkPAAW,BOL.COM,Netherlands,Prospect,Axonify
001E0000018f8CMIAY,Bombardier Romania,Romania,Prospect,Axonify
001Mm00000DLtN3IAL,Boni Markten BV,Netherlands,Prospect,Axonify
0010h00001iiTlVAAU,BonÃ?rea Agrupa,Spain,Prospect,Axonify
0010L00001nFAscQAG,Booking.com,Netherlands,Prospect,Axonify
0018a000020rCGDAA2,Boon Edam,Netherlands,Prospect,Axonify
0010h00001cxuwfAAA,Bosal,Belgium,Prospect,Axonify
0010h00001dvuinAAA,Bouwmaat Nederland,Netherlands,Prospect,Axonify
0010h00001YkkRhAAJ,Boyner Buyuk Magazacilik A.S.,Turkey,Prospect,Axonify
0010h00001ZmWjzAAF,Boyner Grup,Turkey,Prospect,Axonify
0010L00001kYixYQAS,bpost.be,Belgium,Prospect,Axonify
0018a000026gaWDAAY,Brandfinity,Switzerland,Prospect,Axonify
0018a000020r5ewAAA,BrandLoyalty,Netherlands,Prospect,Axonify
0010h00001a9j05AAA,Breitling,Switzerland,Prospect,Axonify
0010h00001cxuTcAAI,Brico SA,Belgium,Prospect,Axonify
001Mm00000DM4JIIA1,Bricomart Srl,Spain,Prospect,Axonify
001Mm00000AtxT7IAJ,Bright Pixel Capital,Portugal,Prospect,Axonify
0018a00001tED7CAAW,BRNC Peyzaj Mimarl?±?ü?±,Turkey,Prospect,Axonify
0018a00001tDcVIAA0,Brunel,Netherlands,Prospect,Axonify
001E000001KTHPYIA5,BT - Consumer,United Kingdom,Previous Customer,Axonify
0010h00001YkiMpAAJ,BT - Openreach,United Kingdom,Previous Customer,Axonify
0010h00001cz45fAAA,BT - Technology,United Kingdom,Prospect,Axonify
0010h00001dvWNNAA2,BT Group - Holding Account,United Kingdom,Customer Holding Account,Axonify
001Mm00000MKSuPIAX,Bucherer AG,Switzerland,Prospect,Axonify
0010h00001cxtm7AAA,Burckhardt Compression,Switzerland,Prospect,Axonify
0018a000020rABAAA2,Business & Hotel Management School (B.H.M.S.),Switzerland,Prospect,Axonify
0018a00002JaZ0YAAV,businesstools,Belarus,Prospect,Axonify
0010h00001fdPTHAA2,BİM Birle�?ik Ma�?azalar A.�?,Turkey,Prospect,Axonify
001Mm00000DLtNjIAL,C - Cure Nv,Belgium,Prospect,Axonify
001Mm00000DLduEIAT,C1000 Jurgen Zaal,Netherlands,Prospect,Axonify
0018a00002K8PPZAA3,Cactus,Luxembourg,Prospect,Axonify
0010h00001jUf4pAAC,Cafeto,Netherlands,Prospect,Axonify
0018a00001tEVa1AAG,Caldic Canada Inc.,Netherlands,Prospect,Axonify
0010h00001cxuPXAAY,CAMAIEU,Czech Republic,Prospect,Axonify
0018a00002FIoHiAAL,Camper,Spain,Prospect,Axonify
0010h00001cxuCZAAY,Canon Belgium NV,Belgium,Prospect,Axonify
0010h00001cxtm1AAA,"Carlsberg Group, Carlsberg Croatia",Croatia,Prospect,Axonify
0010h00001cxtgGAAQ,Carmeuse Group,Belgium,Prospect,Axonify
0010h00001hJKHNAA4,Carrefour Belgium,Belgium,Prospect,Axonify
0018a00002K8OYLAA3,Carrefour Romania,Romania,Prospect,Axonify
0010h00001hK7aEAAS,Carrefour Spain,Spain,Prospect,Axonify
0018a00001tCQkPAAW,Carturesti,Romania,Prospect,Axonify
001Mm00000DLvN3IAL,"Cash Lepe, S.A.",Spain,Prospect,Axonify
0010h00001iisYaAAI,CBA,Hungary,Prospect,Axonify
001Mm00000Bhl3lIAB,Ccbs,Albania,Prospect,Axonify
0018a00001uBO61AAG,Cegeka,Belgium,Prospect,Axonify
0010h00001cxuNUAAY,Celestica Valencia SLU,Spain,Prospect,Axonify
0010h00001cxteQAAQ,celio,Belgium,Prospect,Axonify
0010h00001Ypf26AAB,Cellnex Telecom,Spain,Prospect,Axonify
001E000001M6rgWIAR,Centric IT Solutions,Romania,Prospect,Axonify
0018a00001n4VRvAAM,CEPSA,Spain,Prospect,Axonify
0010h00001j70OjAAI,Cereal Partners Worldwide Nestle & General Mills,Switzerland,Prospect,Axonify
0010h00001YpjnFAAR,CERN,Switzerland,Prospect,Axonify
0010h00001cxthOAAQ,CGD,Portugal,Prospect,Axonify
0018a000026geOuAAI,Channable,Netherlands,Prospect,Axonify
001Mm00000MKQwfIAH,Chocolat Frey AG,Switzerland,Prospect,Axonify
0018a00002FIqV4AAL,Circle Health Group,United Kingdom,Prospect,Axonify
001Mm0000088YUYIA2,City Jeans,Lithuania,Prospect,Axonify
001E000001BBN44IAH,Clariant AG,Switzerland,Prospect,Axonify
0018a00002FJ1swAAD,Clarify Solutions Selling Ltd - Holding Account,United Kingdom,Customer Holding Account,Axonify
0018a00002FIr5GAAT,Cleanwatts,Portugal,Prospect,Axonify
001Mm00000AfeNAIAZ,Co??peratie Primera B.A.,Netherlands,Prospect,Axonify
0010h00001cxuuVAAQ,Coats,Turkey,Prospect,Axonify
001E000001KTkbsIAD,Coca-Cola Hellenic,Switzerland,Previous Customer,Axonify
0010L00001nFhlfQAC,Coca-Cola Icecek,Turkey,Prospect,Axonify
0018a000020rw1bAAA,CODUPO,Croatia,Prospect,Axonify
0010h00001cxuPSAAY,Colep,Portugal,Prospect,Axonify
0018a00002K8PPKAA3,"Colruyt Group (Colruyt, Okay, Bio-Planet)",Belgium,Prospect,Axonify
0010h00001cxtxIAAQ,Comet Group,Switzerland,Prospect,Axonify
0010h00001cxtizAAA,Commerzbank AG,Czech Republic,Prospect,Axonify
0010h00001jWLoYAAW,Commissariat for Refugees and Migration,Serbia,Prospect,Axonify
0010h00001fdWkVAAU,Compagnie Financière Richemont SA,Switzerland,Prospect,Axonify
0018a00001lbQNSAA2,Compettia,Spain,Prospect,Axonify
0010h00001iiTWvAAM,Condis,Spain,Prospect,Axonify
0010h00001iy2qeAAA,Congreso de mantenimiento y confiabilidad,Spain,Prospect,Axonify
001Mm000008bvKTIAY,Consulting,Netherlands,Prospect,Axonify
001Mm00000DM42hIAD,Coop Genossenschaft,Switzerland,Prospect,Axonify
0010h00001fdWmWAAU,Coop Group,Switzerland,Prospect,Axonify
0010h00001cxuPaAAI,Coop Jednota,Slovakia,Prospect,Axonify
0010h00001cxu5nAAA,Coop Norge Sa,Switzerland,Prospect,Axonify
0018a00001m244VAAQ,Coop Norway - Holding Account,United Kingdom,Customer Holding Account,Axonify
0018a00002K8PP4AAN,Coop Supermarkten,Netherlands,Prospect,Axonify
0010h00001YtcwKAAR,Coop Switzerland,Switzerland,Prospect,Axonify
0018a00002K8POoAAN,Cora,Belgium,Prospect,Axonify
001Mm00000ABjNSIA1,Coral Shell,Croatia,Prospect,Axonify
001Mm00000PtUFCIA3,Corza medical,Switzerland,Prospect,Axonify
001Mm00000DM2TvIAL,Cosentino Industrial S.A.U.,Spain,Prospect,Axonify
0010h00001iybUSAAY,Coviran SCA,Portugal,Prospect,Axonify
001E000001Tjin2IAB,Credit Suisse,Switzerland,Prospect,Axonify
0010h00001iwc8JAAQ,Croatia Osiguranje,Croatia,Prospect,Axonify
0010h00001cxuCwAAI,Croda Iberica,Spain,Prospect,Axonify
001Mm00000Ffi4TIAR,Cytek Bio,Netherlands,Prospect,Axonify
001Mm00000FhbdCIAR,D'Leteren Automotive,Belgium,Prospect,Axonify
0010h00001cxutVAAQ,DACHSER GmbH & Co. KG,Belgium,Prospect,Axonify
0010h00001cxu04AAA,Daikin Europe,Belgium,Prospect,Axonify
001E0000011j8GnIAI,Daman,Ukraine,Prospect,Axonify
001Mm00000O7o8jIAB,"DARMA PRODUKT doo, OIB: 08856062802",Croatia,Prospect,Axonify
0010h00001cxtyRAAQ,Datamars SA,Switzerland,Prospect,Axonify
0010h00001jUQMZAA4,Datapac,Slovakia,Prospect,Axonify
0010h00001cxtdfAAA,Datwyler Cabling Solutions,Czech Republic,Prospect,Axonify
0010h00001cxtnRAAQ,Datwyler Group,Belgium,Prospect,Axonify
0010h00001cxtfdAAA,Datwyler Sealing Solutions,Switzerland,Prospect,Axonify
0010h00001j707YAAQ,David Gilbert Voice Over Ltd.,Belgium,Prospect,Axonify
0018a000026gaWYAAY,Dayrize,Netherlands,Prospect,Axonify
0010h00001cxtsIAAQ,de Bijenkorf,Netherlands,Prospect,Axonify
001Mm00000DLtXmIAL,De Weide Blik N.V.,Belgium,Prospect,Axonify
001Mm00000GACI1IAP,DearTeam,Serbia,Prospect,Axonify
001Mm00000cOlZSIA0,Decathlon Belgium,Belgium,Prospect,Axonify
001Mm00000DLsAaIAL,Decathlon Espa?�A SAU,Spain,Prospect,Axonify
0018a00002MUn3gAAD,Decor Impex,Romania,Prospect,Axonify
0010h00001a9lX2AAI,Dedeman,Romania,Prospect,Axonify
0010L00001rDBXlQAO,DeFacto,Turkey,Prospect,Axonify
0010h00001cxuBOAAY,DELA Belgium,Belgium,Prospect,Axonify
001Mm00000MKNaMIAX,Delfood nv,Belgium,Prospect,Axonify
0010h00001cxtpnAAA,delfort,Czech Republic,Prospect,Axonify
0010h00001hEFkKAAW,Delhaize Belgium,Belgium,Prospect,Axonify
0010h00001iwc7uAAA,Delhaize Serbia,Serbia,Prospect,Axonify
0010h00001cxuOGAAY,Deloitte España,Spain,Prospect,Axonify
001E000001AayxKIAR,Deloitte EU & UK,Belgium,Prospect,Axonify
0010h00001aASgXAAW,Deloitte Europe,Netherlands,Prospect,Axonify
0010h00001cxuA2AAI,Deloitte Zagreb,Croatia,Prospect,Axonify
001Mm00000DLvN4IAL,Delvita a.s.,Czech Republic,Prospect,Axonify
0010h00001iisYkAAI,Detailresult Group N.V.,Netherlands,Prospect,Axonify
0010h00001cxtxzAAA,Deutsche Börse,Spain,Prospect,Axonify
0010h00001cxtsdAAA,Deutsche Pfandbriefbank AG,Switzerland,Prospect,Axonify
0010h00001aBACtAAO,"DEUTZ SPAIN, S.A.",Spain,Prospect,Axonify
001Mm00000H363tIAB,Develhub and VOV (Lowlands),Netherlands,Prospect,Axonify
0018a00002FJ7D3AAL,Dibal,Spain,Prospect,Axonify
001Mm00000DLt4xIAD,DIGI Távközlési és Szolgáltató Kft.,Hungary,Prospect,Axonify
0018a00002Gk3XQAAZ,DigiQuery,Romania,Prospect,Axonify
001Mm00000H362HIAR,Digital Chefs,Netherlands,Prospect,Axonify
0010h00001hJSofAAG,Dio Agency,Netherlands,Prospect,Axonify
0010h00001iisYmAAI,Dirk,Netherlands,Prospect,Axonify
001Mm00000D33gtIAB,Discovery Hotel Management,Portugal,Prospect,Axonify
0010h00001dxOkYAAU,Divan Group,Turkey,Prospect,Axonify
0010h00001cxtxmAAA,Divan Hotel Diyarbak?r,Turkey,Prospect,Axonify
0010h00001j65rXAAQ,DKSH,Switzerland,Prospect,Axonify
0010h00001j677bAAA,DLL,Netherlands,Prospect,Axonify
0018a000020ruAUAAY,Docler Holding Budapest,Hungary,Prospect,Axonify
001Mm00000DLpKEIA1,DocMorris AG,Switzerland,Prospect,Axonify
0018a00002JaZXmAAN,domaca trgovina,Slovenia,Prospect,Axonify
0010h00001XX43WAAT,DOOR International B.V.,Netherlands,Prospect,Axonify
001Mm00000AFe2bIAD,Dorchester Collection - Holding Account,United Kingdom,Customer Holding Account,Axonify
001Mm00000DM1kKIAT,Dorchester Group Limited,United Kingdom,Prospect,Axonify
0010h00001j66HGAAY,Dott,Netherlands,Prospect,Axonify
0018a00001uBErhAAG,Dream Finance OU,Estonia,Prospect,Axonify
001Mm00000RXEPdIAP,DreamIT,Spain,Prospect,Axonify
0018a000020rCHLAA2,DSG,Netherlands,Prospect,Axonify
0010h00001Yste9AAB,DSM,Netherlands,Prospect,Axonify
0010L00001jTTEVQA4,"Dsm Nutritional Products, Llc",Netherlands,Prospect,Axonify
0010h00001azTEfAAM,DTEK,Ukraine,Prospect,Axonify
001Mm00000AtxPtIAJ,Dynamo Retail Group,Netherlands,Prospect,Axonify
0010h00001cxtnuAAA,Döhler,Netherlands,Prospect,Axonify
001Mm00000BXXQIIA5,E Commerce Association of Serbia,Serbia,Prospect,Axonify
0018a00002K8PPQAA3,E.Leclerc Portugal,Portugal,Prospect,Axonify
001Mm00000DM4JiIAL,"Eco Mora, S.a.",Spain,Prospect,Axonify
0010h00001a9N6MAAU,EE,United Kingdom,Prospect,Axonify
0010h00001YsR45AAF,EF Education First,Switzerland,Prospect,Axonify
0010h00001cxuUKAAY,Efteling,Netherlands,Prospect,Axonify
001Mm00000TAm5wIAD,EHL,Switzerland,Prospect,Axonify
0018a000020r4sHAAQ,EHT,Luxembourg,Legal Entity,Axonify
0010h00001a96mzAAA,El Corte Ingles,Spain,Prospect,Axonify
0010h00001cxtnxAAA,El Corte Ingl�s Portugal,Portugal,Prospect,Axonify
0010h00001YZ76UAAT,Elavon Merchant Services,Spain,Prospect,Axonify
0018a00002MUtF8AAL,elkargi,Spain,Prospect,Axonify
0010h00001cyurjAAA,Elkos Group,Albania,Prospect,Axonify
0010h00001ZoDjlAAF,Elkos Trading Center ETC,Albania,Prospect,Axonify
0010h00001YsRq9AAF,Elsevier,Netherlands,Prospect,Axonify
0010h00001cxtfUAAQ,Emmi Gruppe - über uns...,Switzerland,Prospect,Axonify
001Mm00000HBJ0lIAH,Empwr,Belgium,Prospect,Axonify
001Mm00000DM3oKIAT,EMTE Supermarkten B.V.,Netherlands,Prospect,Axonify
001E000001QQt3OIAT,Endress+Hauser Management AG,Switzerland,Prospect,Axonify
001E000001FZcUPIA1,Energias De Portugal,Portugal,Prospect,Axonify
0010h00001cy1IrAAI,Enerjisa,Turkey,Prospect,Axonify
001Mm00000SH2JqIAL,Enexis,Netherlands,Prospect,Axonify
001Mm00000DLsAgIAL,Engrotus d.o.o,Slovenia,Prospect,Axonify
0010h00001cxuCGAAY,"EPD Solutions, a Philips company",Netherlands,Prospect,Axonify
0010h00001Ysc25AAB,Epson Europe B.V.,Netherlands,Prospect,Axonify
001Mm00000FowL7IAJ,Epyc Solutions,Belgium,Prospect,Axonify
0010h00001cxuUXAAY,ERIKS,Belgium,Prospect,Axonify
0010L00001pAdziQAC,Ernst & Young Turkey,Turkey,Prospect,Axonify
0018a00001lbQO6AAM,ESADE,Spain,Prospect,Axonify
001Mm00000QSLvQIAX,Esse Learning,Turkey,Prospect,Axonify
001E000000DzPFJIA3,"Etablissements Delhaize Fr?res et Cie """"Le Lion""""",Belgium,Prospect,Axonify
0010h00001cxuU4AAI,Etex Building Performance,Belgium,Prospect,Axonify
001Mm00000Ks49bIAB,Ethnicraft,Belgium,Prospect,Axonify
001Mm00000BUpBfIAL,Ethys Scientific,Romania,Prospect,Axonify
0010h00001Ysdp5AAB,Eti,Turkey,Prospect,Axonify
0010h00001iisYnAAI,ETK Coop Estonia / Coop Eesti,Estonia,Prospect,Axonify
0010h00001hELYzAAO,ETOS,Netherlands,Prospect,Axonify
001Mm00000DLvsbIAD,Etos B.V.,Netherlands,Prospect,Axonify
0010h00001iib8YAAQ,European Business Association,Ukraine,Prospect,Axonify
0010L00001kY3DBQA0,European Society of Cardiology,Belgium,Prospect,Axonify
0010h00001j665FAAQ,Evax AG,Switzerland,Prospect,Axonify
0010h00001ZxZumAAF,Everis,Spain,Prospect,Axonify
001E000001fE87PIAS,Exact,Netherlands,Prospect,Axonify
0018a00001uBI6MAAW,Exalio Nederland,Netherlands,Prospect,Axonify
0018a000020rCGSAA2,Excent Tandtechniek,Netherlands,Prospect,Axonify
0010h00001cxtgyAAA,Exeltis,Turkey,Prospect,Axonify
0010h00001Yt9bcAAB,Expertized,Netherlands,Prospective Partner,Axonify
001Mm00000AffshIAB,Eye Wish,Netherlands,Prospect,Axonify
0010h00001cxuTBAAY,Fabory,Czech Republic,Prospect,Axonify
0018a000020r5aQAAQ,Facq,Belgium,Prospect,Axonify
0018a00002MUtHiAAL,Famasegur,Portugal,Prospect,Axonify
001Mm00000BKNv4IAH,Farmacia Vale Verde Ltda,Portugal,Prospect,Axonify
001Mm00000MKRyXIAX,Farmexim S.A.,Romania,Prospect,Axonify
0018a00001oVjmeAAC,felyx - Now hiring! ⚡️,Netherlands,Prospect,Axonify
0018a00001uBO6QAAW,Fenix Outdoor,Switzerland,Prospect,Axonify
001Mm00000MKaKuIAL,Ferrero International S.A.,Luxembourg,Prospect,Axonify
0010h00001d0SFoAAM,Ferring Pharmaceuticals Switzerland,Switzerland,Prospect,Axonify
0010L00001rq7vqQAA,Ferrovial,Spain,Prospect,Axonify
0018a000020rCHGAA2,Fetim,Netherlands,Prospect,Axonify
0018a00001tDjl2AAC,FGSZ Zrt,Hungary,Prospect,Axonify
0010L00001iUzCjQAK,Ficosa International,Spain,Prospect,Axonify
0010L00001nEZNaQAO,Firmenich,Belgium,Prospect,Axonify
0010h00001awxKnAAI,Firmenich,Switzerland,Prospect,Axonify
001Mm00000DLniqIAD,Flanco Retail SA,Romania,Prospect,Axonify
0018a00001laPEzAAM,Flint,Luxembourg,Prospect,Axonify
001Mm00000Lv1OHIAZ,Flipsnack,Romania,Prospect,Axonify
0010h00001YtatQAAR,Fnac,Portugal,Prospect,Axonify
0010h00001cxtjVAAQ,FNG Group,Belgium,Prospect,Axonify
0010h00001cxtnQAAQ,Forbo Group,Switzerland,Prospect,Axonify
0010h00001fdvc5AAA,Ford Otosan,Turkey,Prospect,Axonify
0010h00001cxuNqAAI,Formel D Group,Spain,Prospect,Axonify
0010h00001cxtipAAA,Franke,Switzerland,Prospect,Axonify
0010h00001iiSgcAAE,Franmax,Lithuania,Prospect,Axonify
0010h00001axpB0AAI,FrieslandCampina,Netherlands,Prospect,Axonify
0010h00001cxuwdAAA,FRIESLANDCAMPINA BELGIUM NV,Belgium,Prospect,Axonify
0018a00002K8PPOAA3,Froiz,Spain,Prospect,Axonify
001Mm00000DLnPMIA1,G - Star Raw eStore B.V.,Netherlands,Prospect,Axonify
0010h00001iisYrAAI,Gadisa,Spain,Prospect,Axonify
0018a00001tDcVwAAK,Galapagos,Belgium,Prospect,Axonify
0010h00001hELZEAA4,Gall & Gall,Netherlands,Prospect,Axonify
001Mm00000MKXPEIA5,"Gallega de Distribuidores de Alimentaci�n, S.A.",Spain,Prospect,Axonify
0010h00001cxtktAAA,"Gallo Vidro, S.A.",Portugal,Prospect,Axonify
0010h00001XWnEtAAL,Galp,Portugal,Prospect,Axonify
001E000000pE5KqIAK,Garanti Bank,Turkey,Prospect,Axonify
001Mm00000Ce11FIAR,Garrett Motion Inc.,Switzerland,Prospect,Axonify
0010h00001cxtmUAAQ,Gas Natural Fenosa,Spain,Prospect,Axonify
001E0000019NkcMIAS,Gate Retail Onboard,Switzerland,Prospect,Axonify
0010h00001cxuu8AAA,GEFCO Group,Turkey,Prospect,Axonify
0010L00001jQdEEQA0,Gemalto,Netherlands,Prospect,Axonify
0010h00001cxtjzAAA,General Dynamics European Land Systems,Switzerland,Prospect,Axonify
0010h00001cxtleAAA,General Dynamics Land Systems,Spain,Prospect,Axonify
0018a00002FJ93bAAD,Genially,Spain,Prospect,Axonify
001Mm00000DLtb2IAD,Genossenschaft Migros Aare,Switzerland,Prospect,Axonify
001Mm00000DM3kzIAD,Genossenschaft Migros Zurich,Switzerland,Prospect,Axonify
0010h00001cxu14AAA,Georg Fischer Automotive AG,Switzerland,Prospect,Axonify
0010h00001cxuTqAAI,Georg Fischer Piping Systems,Switzerland,Prospect,Axonify
0010h00001cxtiUAAQ,GEP Worldwide,Czech Republic,Prospect,Axonify
0010h00001cxtd9AAA,Gestamp,Spain,Prospect,Axonify
0018a00002JaZUOAA3,Get More Brain,Switzerland,Prospect,Axonify
0018a00001mnTxuAAE,Getir,Turkey,Prospect,Axonify
0010h00001cxtd3AAA,GGB,Slovakia,Prospect,Axonify
0010h00001YtKSWAA3,Giraudi Group Services,Monaco,Prospect,Axonify
0010h00001cxu5aAAA,Givaudan Schweiz AG,Switzerland,Prospect,Axonify
001Mm00000XCDhgIAH,Glavatarski Khan,Bulgaria,Prospect,Axonify
0010h00001YbR4ZAAV,Global Blue Group Asia,Switzerland,Prospective Partner,Axonify
0010L00001kY6cHQAS,GlobalLogic,Slovakia,Prospect,Axonify
001Mm00000Y2BNFIA3,GLOBUS,Switzerland,Prospect,Axonify
0018a00002JaJ6vAAF,Globus ?R,Czech Republic,Prospect,Axonify
0018a00001oeug9AAA,Glovo,Spain,Prospect,Axonify
0018a00001tEZKPAA4,GLS,Netherlands,Prospect,Axonify
0018a00001llC2gAAE,Grinfer,Netherlands,Prospect,Axonify
0010h00001cxtppAAA,Groupama Sigorta & Groupama Emeklilik A.?.,Turkey,Prospect,Axonify
0010h00001cxtjZAAQ,Groz-Beckert Czech s.r.o.,Czech Republic,Prospect,Axonify
0010h00001dxRnqAAE,Grupo Galeria,Spain,Partner,Axonify
0018a00002FIoOtAAL,Grupo gomez,Spain,Prospect,Axonify
0018a00002K8POvAAN,"Grupo Miquel (Suma, GMcash)",Spain,Prospect,Axonify
0010h00001iisYsAAI,Grupo Semark (Supermercados Lupa,Spain,Prospect,Axonify
0010h00001jSj7RAAS,Grupo Unide,Spain,Prospect,Axonify
0010h00001hE0AVAA0,Grupo Unisono,Spain,Prospect,Axonify
001Mm00000EJ5mAIAT,Grupo urbano,Spain,Prospect,Axonify
0010h00001cxtdrAAA,GSK,Switzerland,Prospect,Axonify
0010h00001fe8pmAAA,GuestReady,Switzerland,Prospect,Axonify
0010h00001cxu5tAAA,Gurit,Spain,Prospect,Axonify
0010h00001f3vQXAAY,Hackerly at PwC,Czech Republic,Prospect,Axonify
001Mm00000KaVppIAF,Hanon Systems Bulgaria,Bulgaria,Prospect,Axonify
0010h00001iisYuAAI,Hanos Internationale Groothandel,Netherlands,Prospect,Axonify
0010h00001cxtoYAAQ,Hapimag,Turkey,Prospect,Axonify
0010h00001cxty0AAA,Haribo Turkey,Turkey,Prospect,Axonify
001E0000017ughkIAA,Heineken,Netherlands,Prospect,Axonify
0010L00001ml0eZQAQ,Hella Romania SRL,Romania,Prospect,Axonify
0010h00001a9Ux3AAE,HEMA,Netherlands,Prospect,Axonify
0010h00001dxOmFAAU,Here Technologies,Netherlands,Prospect,Axonify
0010h00001XWcRpAAL,Heritage B,Netherlands,Prospect,Axonify
0010h00001avnEGAAY,HES-SO,Switzerland,Prospect,Axonify
0010h00001cxuOVAAY,Hexagon Manufacturing Intelligence - Leica Geosystems AG,Switzerland,Prospect,Axonify
0010h00001fesfRAAQ,HG Media,Hungary,Prospect,Axonify
0018a00002FItofAAD,hghg,Estonia,Prospect,Axonify
0010h00001cxu1VAAQ,Hilcona AG,Liechtenstein,Prospect,Axonify
0010h00001a9Z2pAAE,Hilti Group,Liechtenstein,Prospect,Axonify
0018a00001lbaN6AAI,Hitachi Zosen Inova,Switzerland,Prospect,Axonify
001Mm00000FXm8VIAT,HMY,Spain,Prospect,Axonify
0010h00001cxtsGAAQ,Holcim (Hrvatska) d.o.o.,Croatia,Prospect,Axonify
001Mm00000DLd8qIAD,Hoogvliet Beheer BV,Netherlands,Prospect,Axonify
0018a00002K8POdAAN,Hoogvliet Supermarkten,Netherlands,Prospect,Axonify
0010h00001cxtd0AAA,Hotelbeds,Spain,Prospect,Axonify
0010h00001cxu0pAAA,Hoval,Switzerland,Prospect,Axonify
001Mm00000DV1ngIAD,Hrvatska Lutrija d.o.o.,Croatia,Prospect,Axonify
0010h00001kuLdfAAE,Hrvatski Telekom d.d.,Croatia,Prospect,Axonify
0010h00001XWWUeAAP,HSE,Slovenia,Prospect,Axonify
0018a00001tDwGAAA0,Httpool,Croatia,Prospect,Axonify
0010h00001cxtmZAAQ,Huber+Suhner,Switzerland,Prospect,Axonify
0010h00001a9lQuAAI,Hunter Douglas N.V.,Netherlands,Prospect,Axonify
001Mm00000AtwvGIAR,Husky Intelligent Fridges,Netherlands,Prospect,Axonify
0010h00001cxtnLAAQ,Husqvarna Group,Belgium,Prospect,Axonify
001Mm00000DLkotIAD,Hyva Global BV,Netherlands,Prospect,Axonify
0018a00001tDuORAA0,IB,Netherlands,Prospect,Axonify
0010h00001cxtjrAAA,ICBC Turkey,Turkey,Prospect,Axonify
0010h00001dvukZAAQ,ICI Paris XL,Netherlands,Prospect,Axonify
0010h00001cxuUNAAY,ICL Europe,Netherlands,Prospect,Axonify
0018a00002JaZDhAAN,ICON,Hungary,Prospect,Axonify
0010h00001cxuPkAAI,ID Logistics Benelux,Belgium,Prospect,Axonify
0010h00001XWnDbAAL,Ideal Standard International,Belgium,Prospect,Axonify
0018a00002JaZ2pAAF,IE university,Spain,Prospect,Axonify
0018a000026gaX6AAI,iERP j.s.a.,Slovakia,Prospect,Axonify
0018a00001oHRjdAAG,Ii Elanga,Lithuania,Prospect,Axonify
0018a00002JaNJuAAN,IKEA - Holding Account,Netherlands,Previous Customer Holding Account,Axonify
0010h00001cxtwYAAQ,IKEA Nederland,Netherlands,Prospect,Axonify
0010h00001cxtzwAAA,"IKEA, HOUSE MARKET",Belgium,Prospect,Axonify
0010h00001ixLcBAAU,IKI,Lithuania,Prospect,Axonify
0010L00001pBo3RQAS,imec,Belgium,Prospect,Axonify
0010h00001cxuw3AAA,Imerys,Belgium,Prospect,Axonify
0018a00001lbabrAAA,Implenia,Switzerland,Prospect,Axonify
0018a00001oSNMaAAO,ina ms,Croatia,Prospect,Axonify
001E000000b1PL6IAM,InfoSecure BV,Netherlands,Prospective Partner,Axonify
001E000001dvbnrIAA,Infosys (Czech Republic) Limited s.r.o.,Czech Republic,Prospect,Axonify
0018a00001tEXUAAA4,Infosys Consulting,Switzerland,Prospect,Axonify
001E000001ULwBVIA1,ING Bank Spain,Spain,Prospect,Axonify
0010h00001cxtkHAAQ,ING Belgium,Belgium,Prospect,Axonify
0010h00001cxu4NAAQ,ING Luxembourg,Luxembourg,Prospect,Axonify
0010L00001oeHGjQAM,Ingenico ePayments,Netherlands,Prospect,Axonify
0018a00002Ja27eAAB,Iniky,Croatia,Prospect,Axonify
0010L00001jS1ccQAC,Innogy VSE,Slovakia,Prospect,Axonify
0010h00001a9xr2AAA,InSites Consulting,Belgium,Prospect,Axonify
001Mm00000MKRyLIAX,Inter IKEA Holding S.A.,Switzerland,Prospect,Axonify
0010h00001j65s7AAA,Interblock Gaming,Slovenia,Prospect,Axonify
001Mm00000ZpiFqIAJ,Interdiscount,Switzerland,Prospect,Axonify
0010h00001ZnxTqAAJ,Interex Supermarket,Albania,Prospect,Axonify
0018a00002K8POsAAN,Intermarch� Belgium,Belgium,Prospect,Axonify
001Mm00000MKRaNIAX,"International Automotive Components Group, S.A.",Luxembourg,Prospect,Axonify
0010h00001cxuvvAAA,Interroll,Switzerland,Prospect,Axonify
001Mm00000MKTmQIAX,INTERSPORT International Corporation GmbH,Switzerland,Prospect,Axonify
0018a00001tEYjmAAG,Intertrust,Netherlands,Prospect,Axonify
001Mm00000cUps9IAC,Intratuin,Netherlands,Prospect,Axonify
001E000001GpoAcIAJ,Inusual,Spain,Prospective Partner,Axonify
0010h00001az7V0AAI,IPG Contact Solutions,Belgium,Prospect,Axonify
0010h00001cxu4gAAA,"Ipsen Pharma, o.s.",Czech Republic,Prospect,Axonify
0010h00001j66IxAAI,iptiQ by Swiss Re,Switzerland,Prospect,Axonify
0018a00001tDlCvAAK,IQ-EQ,Luxembourg,Prospect,Axonify
001E000001O06SEIAZ,Irdeto,Netherlands,Prospect,Axonify
0010h00001jUoBHAA0,ISRV,Hungary,Prospect,Axonify
0010h00001jWDPrAAO,Ithi,Netherlands,Prospect,Axonify
0010h00001cxuNDAAY,Iturri,Spain,Prospect,Axonify
001Mm00000A0znJIAR,IWC Schaffhausen,Switzerland,Prospect,Axonify
0018a00002GkGCrAAN,J. Safra Sarasin,Switzerland,Prospect,Axonify
001Mm00000ToMUUIA3,JAB Holding Company,Luxembourg,Legal Entity,Axonify
0010h00001cxtpOAAQ,JACOBS DOUWE EGBERTS,Spain,Prospect,Axonify
0018a000026gXOOAA2,Jamnica,Croatia,Prospect,Axonify
0018a00002JaJ70AAF,Jan Linders,Netherlands,Prospect,Axonify
001E000001Go5SkIAJ,Japan Tobacco International,Switzerland,Prospect,Axonify
001Mm00000MKX0aIAH,JDE Peet's BV,Netherlands,Prospect,Axonify
001Mm00000KAYJRIA5,Jeppa sport,Netherlands,Prospect,Axonify
001E000000DzPFSIA3,"Jer?nimo Martins, SGPS, S.A.",Portugal,Prospect,Axonify
001Mm00000DLx5LIAT,JIP Vychodoceska AS,Czech Republic,Prospect,Axonify
001Mm00000MKX0OIAX,"JMR - Gestao de Empresas de Retalho, SGPS, S.A.",Portugal,Prospect,Axonify
0010h00001cxuwNAAQ,"Jotun Ibérica, S.A.",Spain,Prospect,Axonify
0010h00001cxuUwAAI,JOWA AG,Switzerland,Prospect,Axonify
001Mm00000DLo4qIAD,Jumbo - Markt AG,Switzerland,Prospect,Axonify
0010h00001fdWtXAAU,Jumbo Supermarkten,Netherlands,Prospect,Axonify
001E000001GDxpUIAT,K2 Dan??manl?k,Turkey,Prospective Partner,Axonify
001Mm00000Af8S5IAJ,Kaivana,Lithuania,Prospect,Axonify
001Mm00000Atd7rIAB,Kappé Schiphol BV,Netherlands,Prospect,Axonify
0018a000020rs35AAA,Karaca Zuccaciye,Turkey,Prospect,Axonify
001Mm00000cUps7IAC,KARL LAGERFELD,Netherlands,Prospect,Axonify
0010h00001cxtgYAAQ,Katoen Natie,Belgium,Prospect,Axonify
001Mm00000Ato9jIAB,Kazpost,Kazakhstan,Prospect,Axonify
0010h00001cxuULAAY,KBC Bank,Belgium,Prospect,Axonify
0010h00001cxtqCAAQ,KBC Bank & Verzekering,Belgium,Prospect,Axonify
001Mm000008VFClIAO,Kerametal doo,Serbia,Prospect,Axonify
0018a00001nnG3pAAE,KEY-NOTION COMPANY,Czech Republic,Prospect,Axonify
0010h00001cxu07AAA,Kintetsu World Express,Netherlands,Prospect,Axonify
0010h00001iisYwAAI,KIPA,Turkey,Prospect,Axonify
001Mm00000Ce11UIAR,Kistler Instrumente AG,Switzerland,Prospect,Axonify
001Mm00000H36BxIAJ,KLM,Netherlands,Prospect,Axonify
001Mm00000DUwt1IAD,Klm Cityhopper,Netherlands,Prospect,Axonify
001Mm00000JG2XcIAL,Klöckner Pentaplast,Luxembourg,Prospect,Axonify
0010h00001cxuUkAAI,Knapp Iberica,Spain,Prospect,Axonify
001Mm00000PCbS2IAL,Koala Bay,Spain,Prospect,Axonify
0010h00001cxtyMAAQ,KONE B.V. Liften en Roltrappen,Netherlands,Prospect,Axonify
0010h00001YtYv9AAF,Koninklijke Ahold Delhaize NV,Netherlands,Prospect,Axonify
0010h00001cxtsrAAA,Koninklijke BAM Groep nv,Netherlands,Prospect,Axonify
0010h00001YtayzAAB,Konzum d.d.,Croatia,Prospect,Axonify
0010h00001cxtixAAA,Korn Ferry,Belgium,Prospect,Axonify
0010h00001cxtdCAAQ,Kornferry Haygroup,Spain,Prospect,Axonify
0018a00001tETVLAA4,KPMG,Switzerland,Prospect,Axonify
0018a00001tESYiAAO,KPMG Law,Latvia,Prospect,Axonify
0010h00001f4v26AAA,KPN NV,Netherlands,Prospect,Axonify
0018a00001uBRIUAA4,Kramp,Netherlands,Prospect,Axonify
0010h00001cxu0uAAA,"KraussMaffei Technologies, spol. s r.o.",Slovakia,Prospect,Axonify
0010h00001cxuCeAAI,Krka,Slovenia,Prospect,Axonify
0010h00001YYtABAA1,Kuehne & Nagel (UK) Limited,Switzerland,Prospect,Axonify
0010h00001aAmfJAAS,Kyivstar,Ukraine,Prospect,Axonify
001Mm00000MKVOSIA5,KYOCERA Document Solutions Europe B.V.,Netherlands,Prospect,Axonify
0018a00002MUmwLAAT,L - founders of loyalty,Netherlands,Prospect,Axonify
0010h00001YYswwAAD,L'Occitane en Provence,Switzerland,Prospect,Axonify
0018a00002Ja270AAB,La Casa Agency Sant Cugat,Spain,Prospect,Axonify
0010h00001cxuw9AAA,La Lorraine Bakery Group NV,Belgium,Prospect,Axonify
0010h00001cxtxsAAA,La Perla,Spain,Prospect,Axonify
0018a00001nKqAeAAK,La Prairie Group,Switzerland,Prospect,Axonify
001Mm00000cOQwVIAW,La Prairie Switzerland,Switzerland,Prospect,Axonify
0010h00001dugyCAAQ,LafargeHolcim Switzerland,Switzerland,Prospect,Axonify
0018a00002FJRNWAA5,Larcier Intersentia,Belgium,Prospect,Axonify
001E000001VZ2DQIA1,LC Waikiki,Turkey,Prospect,Axonify
001Mm00000c0b1mIAA,Leadinfocontact,Netherlands,Prospect,Axonify
0010h00001dv6YsAAI,Lean Dealers,Portugal,Prospect,Axonify
0010h00001cxtrLAAQ,LeasePlan,Netherlands,Prospect,Axonify
0010h00001XXcKaAAL,LED SL,Spain,Prospect,Axonify
0010h00001Zxym6AAB,Lhoist,Belgium,Prospect,Axonify
001Mm00000ch6CTIAY,Liebherr Group,Switzerland,Prospect,Axonify
001Mm00000BV3ZaIAL,Lifewell,Portugal,Prospect,Axonify
0018a00002JaZEaAAN,LifullConnect,Spain,Prospect,Axonify
001Mm000009KpE6IAK,Lilen,Belgium,Prospect,Axonify
001Mm00000QvmTyIAJ,Lilly Drogerie,Serbia,Prospect,Axonify
001Mm00000BKPDjIAP,LMH,Switzerland,Prospect,Axonify
0018a00001n3cztAAA,Lobster Ink,Switzerland,Prospect,Axonify
0010h00001aAGtVAAW,Loewe,Spain,Prospect,Axonify
0018a000026gi7sAAA,Logista,Croatia,Prospect,Axonify
001Mm00000BXKGDIA5,LOGISTA,Spain,Prospect,Axonify
0010h00001cxuvfAAA,London Marriott Grosvenor Square,United Kingdom,Prospect,Axonify
001E000001ULwPDIA1,Lonza,Switzerland,Prospect,Axonify
0010h00001fdWvdAAE,Louis Delhaize S.A,Belgium,Prospect,Axonify
0010h00001cxtnrAAA,Louwman Group,Netherlands,Prospect,Axonify
001Mm00000DM4FBIA1,Luis Pina SA,Spain,Prospect,Axonify
0010h00001Yl08SAAR,Lumileds,Netherlands,Prospect,Axonify
0018a00002JaZNmAAN,M Industry,Switzerland,Prospect,Axonify
0010h00001XX437AAD,Maandag/ Whoohoo,Netherlands,Prospect,Axonify
0010h00001hLBbhAAG,Magyar Telekom,Hungary,Prospect,Axonify
001Mm00000W4l9BIAR,MAIA,Belgium,Prospect,Axonify
0018a000026gaRoAAI,Majorica USA,Spain,Prospect,Axonify
001Mm00000U6blCIAR,Makbul,Bulgaria,Prospect,Axonify
0018a00002K8PPHAA3,Makro ?R,Czech Republic,Prospect,Axonify
001E000000ncVryIAE,Mammoet Holdings B.V.,Netherlands,Prospect,Axonify
0010h00001Ytb4nAAB,MANGO,Spain,Prospect,Axonify
0010h00001cxuCxAAI,Manor AG,Switzerland,Prospect,Axonify
0010h00001cxtcoAAA,Mapfre Genel Sigorta A.S.,Turkey,Prospect,Axonify
0010L00001rEuSZQA0,Mapfre Mutualidad De Seguros Y Reaseguros A Prima Fija,Spain,Prospect,Axonify
0010h00001cxuVPAAY,Maquet Getinge Group,Netherlands,Prospect,Axonify
001Mm00000AtoEZIAZ,Marea Brands,Spain,Prospect,Axonify
0010h00001cxtpqAAA,Marriott Hotels,United Kingdom,Prospect,Axonify
0010h00001cxtdLAAQ,Marriott International (UK),United Kingdom,Prospect,Axonify
0018a00002Gk5xMAAR,MARS TRADE LLC,Belgium,Prospect,Axonify
0010h00001cxthHAAQ,Masimo Corporation,Switzerland,Prospect,Axonify
0018a00001tDRsDAAW,Massimo Dutti,Spain,Prospect,Axonify
0018a00002K8POpAAN,Match,Belgium,Prospect,Axonify
001Mm00000SFgrgIAD,Matify,Serbia,Prospect,Axonify
001Mm00000DLo55IAD,"Maxima LT, UAB",Lithuania,Prospect,Axonify
0010h00001cxtr9AAA,McBride,Belgium,Prospect,Axonify
0010h00001jUl0xAAC,McCann Health,Spain,Prospect,Axonify
001Mm00000ctQX6IAM,Medi-Market Group,Belgium,Prospect,Axonify
001Mm00000DLx4gIAD,Media Markt Zurich Ag,Switzerland,Prospect,Axonify
0010h00001j6wGXAAY,Media.Monks,Netherlands,Prospect,Axonify
0018a00001tENo5AAG,Mediq,Netherlands,Prospect,Axonify
0010h00001iisYzAAI,Mega Image S.A,Romania,Prospect,Axonify
0010h00001dw7BaAAI,Meijers,Netherlands,Prospect,Axonify
0010L00001jPzDyQAK,Melexis,Belgium,Prospect,Axonify
001E000000i0nSxIAI,Merator,Slovenia,Prospect,Axonify
0018a00002FJBrIAAX,Mercator Serbia,Serbia,Prospect,Axonify
0010h00001YbgkAAAR,Metinvest,Ukraine,Prospect,Axonify
001Mm00000DM390IAD,Metro Cash and Carry BV,Netherlands,Prospect,Axonify
001Mm00000DM4JeIAL,Metro Cash and Carry d.o.o.,Croatia,Prospect,Axonify
001Mm00000DLkoyIAD,Metro Cash and Carry Romania SRL,Romania,Prospect,Axonify
001Mm00000DM439IAD,Metro Kereskedelmi Kft.,Hungary,Prospect,Axonify
0010h00001cxtsaAAA,Metrohm,Switzerland,Prospect,Axonify
0010h00001cxu1JAAQ,Mettler-Toledo AG,Switzerland,Prospect,Axonify
001Mm00000H360fIAB,Mews,Czech Republic,Prospect,Axonify
0010h00001cxtezAAA,Miele technika s.r.o.,Czech Republic,Prospect,Axonify
0018a00002JaZgPAAV,Migros Ticaret,Turkey,Prospect,Axonify
0010h00001cxu5NAAQ,Mikron SA Boudry,Switzerland,Prospect,Axonify
0018a00002K8PPRAA3,Minipre�o,Portugal,Prospect,Axonify
0010h00001cxuCfAAI,Minsait,Spain,Prospect,Axonify
0010h00001j66UyAAI,Mirrhia,Belgium,Prospect,Axonify
001Mm00000DM4EYIA1,"Modelo Continente Hipermercados, S.a.",Portugal,Prospect,Axonify
0018a00001n7Q6sAAE,Modis,Switzerland,Prospect,Axonify
0010h00001dvZC1AAM,MOL Group - Holding Account,Hungary,Customer Holding Account,Axonify
0018a00002JaZWtAAN,MOL Slovenija,Slovenia,Prospect,Axonify
0018a00001tEYkGAAW,Mollie,Netherlands,Prospect,Axonify
0010h00001ZnRMUAA3,Mom LTD,Ukraine,Prospect,Axonify
001Mm00000BTX8jIAH,mSan group,Croatia,Prospect,Axonify
0010h00001YrxqbAAB,MSC Cruises,Switzerland,Prospect,Axonify
0010L00001nEPnNQAW,MSC Mediterranean Shipping Company S.A.,Switzerland,Prospect,Axonify
0010h00001dwbILAAY,MSD,Czech Republic,Prospect,Axonify
001Mm00000BUr8gIAD,MSG,Netherlands,Prospect,Axonify
001Mm00000PhbsPIAR,NA,Malta,Prospect,Axonify
0010h00001cxuwaAAA,Nagel-Group,Belgium,Prospect,Axonify
0010h00001cxtdAAAQ,National Bank of Belgium,Belgium,Prospect,Axonify
0010h00001cxtxkAAA,Nationale-Nederlanden,Netherlands,Prospect,Axonify
0010h00001YtaTwAAJ,Neolife,Turkey,Prospect,Axonify
0010h00001cxuVsAAI,Neste Oil,Belgium,Prospect,Axonify
0010h00001dvuqXAAQ,Nestle,Switzerland,Prospect,Axonify
0018a00001nU7TTAA0,Neuraxpharm,Spain,Prospect,Axonify
0018a00001lmDYwAAM,NewCold,Netherlands,Prospect,Axonify
001E000000c3aaAIAQ,NewSupply,Netherlands,Prospective Partner,Axonify
0018a000026geO1AAI,Nextail,Spain,Prospect,Axonify
0010h00001cxuUoAAI,NGA Human Resources,Spain,Prospect,Axonify
0010h00001cxu0lAAA,NIBC Bank,Netherlands,Prospect,Axonify
0018a00002MUn2nAAD,NielsenIQ,Belgium,Prospect,Axonify
0018a00002FJBrwAAH,NIS Gazprom,Serbia,Prospect,Axonify
0018a00001tEYkLAAW,NNIP,Netherlands,Prospect,Axonify
0010h00001axlzGAAQ,Norgine,Netherlands,Prospect,Axonify
0018a00002K8PPkAAN,NORMA ?eská republika,Czech Republic,Prospect,Axonify
0018a00001uBBluAAG,Nos,Netherlands,Prospect,Axonify
001E000000i14dmIAA,Novartis International AG,Switzerland,Prospect,Axonify
0010L00001kWHtZQAW,Novartis Oncology,Bulgaria,Prospect,Axonify
0010h00001cxte5AAA,Novasep,Belgium,Prospect,Axonify
001Mm00000BXgtOIAT,Novoshoes group,Spain,Prospect,Axonify
0010h00001cxu5CAAQ,Nutricia,Belgium,Prospect,Axonify
001E0000011kZjYIAU,Nutricia Advanced Medical Nutrition,Netherlands,Prospect,Axonify
0010h00001cxuUTAAY,NV Bekaert SA,Belgium,Prospect,Axonify
0018a00001tEWJ2AAO,Nyrstar,Netherlands,Prospect,Axonify
0010h00001Ya4IaAAJ,Nyrstar Tennessee Mines,Switzerland,Prospect,Axonify
0010h00001cxtk3AAA,O-I,Netherlands,Prospect,Axonify
0010h00001cxu05AAA,O-I Manufacturing Netherlands B.V.,Netherlands,Prospect,Axonify
001Mm00000KMJDQIA5,OBRAMAT,Spain,Prospect,Axonify
0018a00001lbQNNAA2,OBS,Spain,Prospect,Axonify
001E000001IG3OKIA1,OCI Nitrogen,Netherlands,Prospect,Axonify
0010h00001cxtcgAAA,Océ Software Laboratories Namur,Belgium,Prospect,Axonify
0018a00001mHVrkAAG,Oda Group Services AS,Norway,Previous Customer,Axonify
0018a00001qYiFmAAK,Oda Group Services AS - Holding Account,Norway,Customer Holding Account,Axonify
0018a00001tCQewAAG,Odoo,Belgium,Prospect,Axonify
0010h00001cxu3oAAA,Oerlikon,Switzerland,Prospect,Axonify
001Mm00000Ce6w1IAB,Oetiker Schweiz Ag,Switzerland,Prospect,Axonify
0018a00001tEJckAAG,Oettinger Davidoff AG,Switzerland,Prospect,Axonify
0010h00001jVwnXAAS,Oikocredit International,Netherlands,Prospect,Axonify
0010h00001iisZ4AAI,Okay,Belgium,Prospect,Axonify
0010h00001cxtdSAAQ,Oleon,Belgium,Prospect,Axonify
001Mm00000bFiWXIA0,OLX,Netherlands,Prospect,Axonify
0010h00001cxuUcAAI,Omv Bulgarien Ood Einmanngesellschaft Mbh,Bulgaria,Prospect,Axonify
0018a00001mVkSDAA0,On,Switzerland,Prospect,Axonify
0010h00001cxtrgAAA,Ontex,Turkey,Prospect,Axonify
0010h00001j6wnrAAA,"Opella, zorgdienstverlener op de zuidelijke Veluwe",Netherlands,Prospect,Axonify
0010h00001a9XF3AAM,openroom,Spain,Prospect,Axonify
0018a00002JaYvtAAF,Optim Sales,Romania,Prospect,Axonify
0010h00001f4vZlAAI,optimacall.ro,Romania,Prospect,Axonify
001E000001hoJSDIA2,Orange,Belgium,Prospect,Axonify
0010h00001cxuCMAAY,Ordina Belgium,Belgium,Prospect,Axonify
0010h00001cxu2jAAA,Oriflame Cosmetics,Turkey,Prospect,Axonify
0010h00001cxuuMAAQ,Ormazabal,Spain,Prospect,Axonify
0018a00002MUmvNAAT,ORTEC,Netherlands,Prospect,Axonify
001Mm000008IEo3IAG,OSGRAY LLC,Switzerland,Prospect,Axonify
0010h00001cxuTLAAY,"OSRAM, a.s.",Slovakia,Prospect,Axonify
001Mm00000CdwMkIAJ,Otis Limited,United Kingdom,Prospect,Axonify
0010h00001f4v2GAAQ,OTTO Work Force Holding,Netherlands,Prospect,Axonify
0018a00001uBUx3AAG,Outvance,Netherlands,Prospect,Axonify
0018a000020rs3RAAQ,Ozdilek,Turkey,Prospect,Axonify
001Mm00000A2valIAB,Paagman B.V.,Netherlands,Prospect,Axonify
0010h00001cxu33AAA,Palfinger Europe GmbH,Switzerland,Prospect,Axonify
0010h00001cxu0XAAQ,PALFINGER Group,Netherlands,Prospect,Axonify
0018a00002FJ76vAAD,Pan Oston,Netherlands,Prospect,Axonify
001Mm00000cOlzNIAS,Parfumerie Douglas Nederland,Netherlands,Prospect,Axonify
0010h00001aB9G6AAK,Pay Safe,Bulgaria,Prospect,Axonify
001Mm00000MKXrtIAH,Peer Holding B.V.,Netherlands,Prospect,Axonify
0018a00002K8PPgAAN,Penny Market ?R,Czech Republic,Prospect,Axonify
001Mm00000MKcdUIAT,Perfetti Van Melle Group B.V.,Netherlands,Prospect,Axonify
0010L00001rc9GGQAY,PETIT PALACE HOTELS,Spain,Prospect,Axonify
0010h00001cxu4PAAQ,PETKIM Petrokimya Holding A.S.,Turkey,Prospect,Axonify
001Mm00000Je3tuIAB,Petrolszolg,Hungary,Prospect,Axonify
001Mm00000Jcz5yIAB,Petrolszolg - MOL,Hungary,Prospect,Axonify
0010h00001XWnEAAA1,Petrom,Romania,Prospect,Axonify
0018a000020rLyOAAU,Pf Concept,Netherlands,Prospect,Axonify
001Mm00000BXn5FIAT,Pharus,Spain,Prospect,Axonify
0010h00001j74QvAAI,PHC,Luxembourg,Prospect,Axonify
0018a00001tEUJuAAO,Philip Morris International,Switzerland,Prospect,Axonify
0010L00001jR3ERQA0,Philip Morris International (PMI),Switzerland,Prospective Partner,Axonify
001E000001A6HdOIAV,Philip Morris International Turkey,Turkey,Prospect,Axonify
0010h00001cxtpWAAQ,Philip Morris SA,Turkey,Prospect,Axonify
0010h00001YaIWGAA3,Philips,Netherlands,Prospect,Axonify
001E000001CdN0eIAF,Philips Lighting B.V.,Netherlands,Prospect,Axonify
001Mm00000WkMzCIAV,Piaget,Switzerland,Prospect,Axonify
0018a00002FIrIGAA1,Picnic Technologies,Netherlands,Prospect,Axonify
001Mm00000YDhwUIAT,Pierret sa,Belgium,Prospect,Axonify
0010h00001cxu2OAAQ,Pilatus Aircraft Ltd.,Switzerland,Prospect,Axonify
0018a000026gb3PAAQ,Pixelvision,Belgium,Prospect,Axonify
0010h00001cxtrHAAQ,pladis Global,Turkey,Prospect,Axonify
0018a00001tE7k2AAC,Platanomelon,Spain,Prospect,Axonify
001Mm00000FoniEIAR,Play it,Belgium,Prospect,Axonify
001Mm00000DM4IxIAL,"Plus - Discount, S.r.o.",Czech Republic,Prospect,Axonify
0018a00001n7OX0AAM,PLUS Retail,Netherlands,Prospect,Axonify
001Mm00000C9sbmIAB,Poppins Retail,Spain,Prospect,Axonify
0018a00002MUmtgAAD,POS MEDIA GROUP,Netherlands,Prospect,Axonify
0010h00001iLuxSAAS,Post CH AG,Switzerland,Prospect,Axonify
0010h00001cxtsTAAQ,PostNL,Netherlands,Prospect,Axonify
0010h00001cxu3yAAA,PostNL België,Belgium,Prospect,Axonify
0010h00001j677cAAA,Praxis,Netherlands,Prospect,Axonify
0010L00001rq4VbQAI,Premier Expo,Ukraine,Prospect,Axonify
001E00000175V7HIAU,Pricewaterhouse Coopers LLP UK & Europe,Netherlands,Prospect,Axonify
0010h00001cxu2tAAA,PricewaterhouseCoopers d.o.o.,Croatia,Prospect,Axonify
001Mm00000Sf4fYIAR,Primekss Group,Latvia,Prospect,Axonify
0018a00002FJBrmAAH,Privredna Banka Zagreb,Croatia,Previous Customer,Axonify
0018a00002MUsQ6AAL,Privredna Banka Zagreb - Holding Account,Croatia,Previous Customer Holding Account,Axonify
001Mm00000dPsV1IAK,Pro-Consulting,Ukraine,Prospect,Axonify
0010h00001cxUcbAAE,Prod Alcar,Romania,Prospect,Axonify
0018a00002JaEuSAAV,Profi,Romania,Prospect,Axonify
001Mm00000TjRpoIAF,Promomed,Kazakhstan,Prospect,Axonify
001Mm00000AtozLIAR,PRONOVIAS GROUP (SAN PATRICK),Spain,Prospect,Axonify
001Mm00000BXVl3IAH,Propellor,Belgium,Prospect,Axonify
0010h00001cxtqKAAQ,Prosegur,Spain,Prospect,Axonify
001E000001ULwfkIAD,Proximus,Belgium,Prospect,Axonify
001E000001AbgHSIAZ,PSI Cro Ag,Switzerland,Prospect,Axonify
001Mm00000Xv6CDIAZ,PSN,Switzerland,Prospect,Axonify
0010h00001a9lsZAAQ,Puig,Spain,Prospect,Axonify
001Mm00000SaI74IAF,PUNT ROMA,Spain,Prospect,Axonify
0010h00001YsZywAAF,Puratos,Belgium,Prospect,Axonify
0018a00001oetJhAAI,PVH B.V.,Netherlands,Prospect,Axonify
0010L00001jSmzQQAS,PwC Luxembourg,Luxembourg,Prospect,Axonify
0010h00001cxuUVAAY,PwC Nederland,Netherlands,Prospect,Axonify
0010h00001cxuuzAAA,PZ,Belgium,Prospect,Axonify
0010h00001cxutzAAA,QAD Europe,Belgium,Prospect,Axonify
0010h00001cxtzDAAQ,QuEST Global,Spain,Prospect,Axonify
0010h00001cxto3AAA,Rabobank ICT,Netherlands,Prospect,Axonify
0010h00001cxuPjAAI,Raiffeisen Bank Croatia,Croatia,Prospect,Axonify
0010h00001j6wOHAAY,Randstad Sourceright,Netherlands,Prospect,Axonify
0010h00001cxtrhAAA,RBS Services (Switzerland) Ltd,Switzerland,Prospect,Axonify
001Mm00000C9rJ9IAJ,RD18 LIMITED,Spain,Prospect,Axonify
0010L00001jSCwJQAW,Real World Systems,Netherlands,Prospect,Axonify
0010h00001iisZ9AAI,"Real, Hungary",Hungary,Prospect,Axonify
0010h00001cxteeAAA,Recticel,Belgium,Prospect,Axonify
0010h00001cxtdyAAA,Reed Business,Netherlands,Prospect,Axonify
0018a00002Gk0ANAAZ,Reig Jofre,Spain,Prospect,Axonify
0018a000020rjZRAAY,Renaissance Institute,Turkey,Prospect,Axonify
0010L00001pBjcgQAC,Renson Ventilation,Belgium,Prospect,Axonify
0010h00001cxte0AAA,Repsol,Spain,Prospect,Axonify
0010h00001cxtgTAAQ,Repsol Exploracion Argelia Sa,Spain,Prospect,Axonify
0010h00001ZwzlAAAR,Resideo Technologies Inc,Switzerland,Prospect,Axonify
0018a000026geTBAAY,Rethink Retail,Romania,Prospect,Axonify
0018a00002JaQaRAAV,REWE Romania - PENNY,Romania,Prospect,Axonify
0010h00001cxu0kAAA,Rexnord Power Transmission Europe,Netherlands,Prospect,Axonify
001E000000eS6WBIA0,Ricoh Europe,Netherlands,Prospect,Axonify
001Mm00000DM43MIAT,Ricoh International B.V.,Netherlands,Prospect,Axonify
001Mm000009DmeMIAS,Ricoh Spain,Spain,Prospect,Axonify
0010h00001cxtwrAAA,Rieter,Switzerland,Prospect,Axonify
001Mm00000cXtsrIAC,Rituals (B Corp™),Netherlands,Prospect,Axonify
0010h00001jUBDDAA4,Roaming Electronics,Serbia,Prospect,Axonify
0010h00001iM0DjAAK,Roaming Group,Serbia,Previous Customer,Axonify
0018a00001tEYkaAAG,Robeco,Netherlands,Prospect,Axonify
0018a00001tEVhmAAG,Rolex,Switzerland,Prospect,Axonify
001Mm00000FigxNIAR,Rolls-Royce SMR,Belgium,Prospect,Axonify
0010h00001czfISAAY,Rompetrol (KMG International),Romania,Prospect,Axonify
0010h00001axiwJAAQ,Royal KPN,Netherlands,Prospect,Axonify
0010h00001cxth6AAA,RUAG Aerostructures,Spain,Prospect,Axonify
0010h00001cxtgiAAA,RUAG Aviation,Switzerland,Prospect,Axonify
0010h00001cxutWAAQ,S.A. Industria Celulosa Aragonesa,Spain,Prospect,Axonify
0018a00002Gjyc3AAB,SabancıDx,Turkey,Prospect,Axonify
0010h00001cxuW1AAI,SABIC Innovative Plastics,Spain,Prospect,Axonify
0018a00001qWifvAAC,SafeShops.be,Belgium,Prospect,Axonify
0018a000020rs3aAAA,Samhoud,Netherlands,Prospect,Axonify
001E000001BBgJiIAL,Samsung Electronics Spain,Spain,Prospect,Axonify
001E000000i1tMVIAY,Sanitas,Spain,Prospect,Axonify
0010h00001cxuwgAAA,Sanoma,Belgium,Prospect,Axonify
0010h00001cxtwfAAA,Sanquin,Netherlands,Prospect,Axonify
0018a00002FJ93RAAT,Santia xLearning,Czech Republic,Prospect,Axonify
0010h00001Zx0moAAB,Santillana,Spain,Prospect,Axonify
0010h00001cxu0LAAQ,Sappi Europe,Belgium,Prospect,Axonify
0010h00001cxtoPAAQ,Saurer Group,Switzerland,Prospect,Axonify
0010h00001Ya3xGAAR,SBM Offshore,Netherlands,Prospect,Axonify
001Mm00000DM3JsIAL,SC Billa Rom�nia SRL,Romania,Prospect,Axonify
0010h00001cxtokAAA,Schenker d.o.o.,Croatia,Prospect,Axonify
0010L00001pCYXYQA4,Schindler Holding AG,Switzerland,Prospect Logo,Axonify
001Mm00000DLvLyIAL,Schiphol Airport Retail B.V.,Netherlands,Prospect,Axonify
0010h00001cxu29AAA,Schleuniger Group,Switzerland,Prospect,Axonify
001E000000DzPFqIAN,Schuitema n.v.,Netherlands,Prospect,Axonify
0010h00001cxtqoAAA,SCHURTER Electronic Components,Switzerland,Prospect,Axonify
0010h00001axiyyAAA,Schweizerische Mobiliar,Switzerland,Prospect,Axonify
001Mm00000cXwyeIAC,Scildon,Netherlands,Prospect,Axonify
001Mm00000C9j2EIAR,sdfdssdf,Romania,Prospect,Axonify
001Mm00000air8oIAA,Securitas Group,Switzerland,Prospect,Axonify
0018a00001tEPpqAAG,SELECTIO,Croatia,Prospect,Axonify
0018a00002K8POZAA3,Selgros Cash & Carry,Romania,Prospect,Axonify
0010h00001iiToyAAE,Semark AC Group,Spain,Prospect,Axonify
0010h00001cxtoUAAQ,Semikron,Slovakia,Prospect,Axonify
0018a00001mnUVDAA2,SES Satellites,Luxembourg,Prospect,Axonify
0010h00001cxtohAAA,Setur,Turkey,Prospect,Axonify
001E000001QQsonIAD,Sgs,Switzerland,Prospect,Axonify
001Mm00000OFMlcIAH,Sheraton ?stanbul Esenyurt,Turkey,Prospect,Axonify
001Mm00000fH5enIAC,SHIFT,Switzerland,Prospect,Axonify
0010h00001b3ngUAAQ,Shire Pharmaceuticals - Holding Account,Ireland,Previous Customer Holding Account,Axonify
001E000000YqcPTIAZ,Shire Pharmaceuticals Llc,Ireland,Previous Customer,Axonify
001Mm00000DLqyMIAT,"Shire Pharmaceuticals, Ltd.",United Kingdom,Prospect,Axonify
001Mm00000MKSBnIAP,SHV Holdings N.V.,Netherlands,Prospect,Axonify
0010h00001cxtsoAAA,SI Group-Switzerland GmbH,Switzerland,Prospect,Axonify
001Mm00000DLpKkIAL,SIA Maxima Latvija,Latvia,Prospect,Axonify
001Mm00000DM4DyIAL,SIA Rimi Latvia,Latvia,Prospect,Axonify
0010h00001cxtemAAA,Sibelga,Belgium,Prospect,Axonify
0010h00001cxtgUAAQ,Siegfried Holding AG,Switzerland,Prospect,Axonify
0010h00001YYt7pAAD,Sika,Switzerland,Prospect,Axonify
001Mm00000BKO9WIAX,sim23,Ukraine,Prospect,Axonify
001E000001Abuu8IAB,Simgroup Turkey,Turkey,Prospective Partner,Axonify
0018a00002GkYl1AAF,Simon Loos,Netherlands,Prospect,Axonify
0010L00001kVDz9QAG,Simonds Farsons Cisk PLC,Malta,Prospect,Axonify
001Mm00000Bu0lOIAR,simpleshow,Luxembourg,Prospect,Axonify
001Mm00000OtvcaIAB,Simply contact,Ukraine,Prospect,Axonify
0018a00001tDxNhAAK,sinafocal,Belgium,Prospect,Axonify
0018a000020rGHWAA2,Sioen Industries,Belgium,Prospect,Axonify
0010h00001cxuvHAAQ,SKF,Belgium,Prospect,Axonify
0010h00001cxuNQAAY,"SKF Lubrication Systems CZ, s.r.o.",Czech Republic,Prospect,Axonify
0010h00001cxtnSAAQ,skyguide,Switzerland,Prospect,Axonify
0018a00002K8POrAAN,"Sligro Food Group (ISPC, Sligro)",Belgium,Prospect,Axonify
0010h00001cxtgMAAQ,Smurfit Kappa Cartomills,Belgium,Prospect,Axonify
0018a00001meEzzAAE,Sobi,Croatia,Prospect,Axonify
0010h00001j6wiHAAQ,Sociedad Textil Lonia,Spain,Prospect,Axonify
001Mm00000DLkp3IAD,Societe Cooperative Migros - Geneve,Switzerland,Prospect,Axonify
001Mm00000DM4DkIAL,Societe Cooperative Migros Valais,Switzerland,Prospect,Axonify
0010h00001YrzZCAAZ,SOL Baltics OU,Estonia,Prospect,Axonify
001Mm00000WD1wlIAD,Solflare,Serbia,Prospect,Axonify
0018a00001oVic2AAC,Solvoyo,Turkey,Prospect,Axonify
001E000000DzPFTIA3,Sonae MC,Portugal,Prospect,Axonify
001Mm00000MKcH3IAL,Spandex AG,Switzerland,Prospect,Axonify
0018a00002MUmsOAAT,SPAR Albania,Albania,Prospect,Axonify
0010h00001iisZIAAY,Spar Colruyt Group,Belgium,Prospect,Axonify
0018a00002FIndYAAT,Spar Holding Netherlands,Netherlands,Prospect,Axonify
0010h00001Zo75rAAB,Spar International,Netherlands,Prospect,Axonify
001Mm00000DLpKWIA1,SPAR Magyarorszag Kereskedelmi Korlatolt Felelossegu Tarsasag,Hungary,Prospect,Axonify
0018a00002K8POxAAN,Spar Portugal,Portugal,Prospect,Axonify
0018a00002K8PPIAA3,SPAR Česká republika,Czech Republic,Prospect,Axonify
0010h00001dxOMvAAM,SpeakAp,Netherlands,Partner,Axonify
001Mm00000MKb2RIAT,Sperwer Holding B.V.,Netherlands,Prospect,Axonify
0010L00001nGbImQAK,SPO,Netherlands,Prospect,Axonify
0018a00002MUtFhAAL,Squadra - marketing & sales consultants,Portugal,Prospect,Axonify
001Mm00000BwD9rIAF,SR Technics,Switzerland,Prospect,Axonify
0010h00001cxth5AAA,SSI Schäfer,Netherlands,Prospect,Axonify
001Mm00000BXeN0IAL,STADA Group,Serbia,Prospect,Axonify
0010h00001cxu0cAAA,Still Intern Transport B.V.,Netherlands,Prospect,Axonify
001E000000PzRybIAF,Stork Technical Services,Netherlands,Prospect,Axonify
0010h00001cxuwOAAQ,"Stork, a Fluor Company",Netherlands,Prospect,Axonify
0010h00001cxtrzAAA,"Stredoslovenská energetika, a.s.",Slovakia,Prospect,Axonify
001Mm00000Kk7EIIAZ,street guys hospitality,Serbia,Prospect,Axonify
0018a000020rvXxAAI,Studenac Market,Croatia,Prospect,Axonify
001Mm00000DM3P5IAL,Sucafina SA,Switzerland,Prospect,Axonify
001Mm00000DLx56IAD,Succes Nic Com Srl,Romania,Prospect,Axonify
0018a00001mHP3oAAG,Success Solutions,Czech Republic,Prospect,Axonify
001Mm00000TQcYsIAL,SuccessProgramme,Turkey,Prospect,Axonify
001Mm000008IP53IAG,Sue Spinnler,Switzerland,Prospect,Axonify
0018a000020qyL4AAI,Suitsupply,Netherlands,Prospect,Axonify
0010h00001cxtdGAAQ,Sulzer,Switzerland,Prospect,Axonify
0010h00001cxthoAAA,"Sulzer Pumps Wastewater Spain, S.A.",Spain,Prospect,Axonify
001Mm00000DUws9IAD,Superbet Interactive (Romania) Limited,Romania,Prospect,Axonify
0018a000026geJCAAY,Surefront,San Marino,Prospect,Axonify
001E000001M73cMIAR,Svb,Netherlands,Prospective Partner,Axonify
001E000000MW3lBIAT,Swarovski & Co.,Switzerland,Prospect,Axonify
0010h00001cxtoSAAQ,SWIFT,Belgium,Prospect,Axonify
001Mm00000DLtb6IAD,Swiss Automotive Group Ag,Switzerland,Prospect,Axonify
001Mm00000MkGhqIAF,Swiss Sense,Netherlands,Prospect,Axonify
001Mm00000Ce11CIAR,Swisslog Holding AG,Switzerland,Prospect,Axonify
0010h00001cxtlaAAA,SWISSPORT BELGIUM,Belgium,Prospect,Axonify
0010h00001cxtj4AAA,"Swissport International Ltd, Geneva station",Switzerland,Prospect,Axonify
001Mm00000ZLCYKIA5,Syensqo,Belgium,Prospect,Axonify
0010h00001j73YAAAY,Sygnum Bank,Switzerland,Prospect,Axonify
0010h00001cxthRAAQ,Symrise AG,Netherlands,Prospect,Axonify
0010h00001j777gAAA,SYNAXION,Netherlands,Prospect,Axonify
0010h00001j66QIAAY,Syngenta Group,Switzerland,Prospect,Axonify
0010h00001cxtsOAAQ,SYNLAB,Netherlands,Prospect,Axonify
0010h00001cxu5wAAA,Synthon,Czech Republic,Prospect,Axonify
001Mm00000Afr0zIAB,Szerencsejatek Zrt.,Hungary,Prospect,Axonify
0010h00001iisZEAAY,Sánchez-Romero,Spain,Prospect,Axonify
001Mm00000DLYxzIAH,T - Mobile Czech Republic a.s.,Czech Republic,Prospect,Axonify
0010h00001cxu2oAAA,T-Systems Iberia,Spain,Prospect,Axonify
0010h00001du9qjAAA,TAG Heuer,Switzerland,Prospect,Axonify
0010h00001YqWXEAA3,Takeaway,Netherlands,Prospect,Axonify
0010h00001cxtxVAAQ,TAKKO Fashion,Croatia,Prospect,Axonify
0018a00001kvp0aAAA,Talkwalker,Luxembourg,Prospect,Axonify
001Mm00000DV1neIAD,Tallink Grupp AS,Estonia,Prospect,Axonify
001Mm00000DM3WCIA1,Tallinna Kaubamaja Grupp AS,Estonia,Prospect,Axonify
001Mm00000AtyAfIAJ,Tarik Ediz,Turkey,Prospect,Axonify
001Mm00000DM3PCIA1,Tatry Mountain Resorts AS,Slovakia,Prospect,Axonify
0010h00001Yb9toAAB,Taxify,Estonia,Prospect,Axonify
0010h00001ijfA7AAI,Tecan,Switzerland,Prospect,Axonify
0010h00001j66eyAAA,Technifutur,Belgium,Prospect,Axonify
0010h00001cxtqtAAA,Tecnicas Reunidas,Spain,Prospect,Axonify
001Mm00000DUysyIAD,Tehnologichen Rayon Po Dalekosaobshtenia Plovdiv,Bulgaria,Prospect,Axonify
001Mm00000DUyszIAD,Tehnologichen Rayon Po Dalekosaobshtenia Varna,Bulgaria,Prospect,Axonify
0018a00002JaZ17AAF,Tehnomanija doo,Serbia,Prospect,Axonify
0010h00001cxtolAAA,Teijin Aramid,Netherlands,Prospect,Axonify
001Mm00000DM3JAIA1,Teixeira Duarte SA,Portugal,Prospect,Axonify
0010L00001pAMzfQAG,Tek Experts,Bulgaria,Prospect,Axonify
001E000000pDx1NIAS,Teknosa,Turkey,Prospect,Axonify
001Mm00000DM3OwIAL,Tekstilpromet Dd,Croatia,Prospect,Axonify
001E000000pE5QNIA0,Telefónica,Spain,Prospect,Axonify
001Mm00000DLtXrIAL,Telekom Romania Mobile Communications S.A.,Romania,Prospect,Axonify
001Mm00000RkoNLIAZ,Telekom Slovenije,Slovenia,Prospect,Axonify
0018a00002JaZ0dAAF,Telemach Croatia,Croatia,Prospect,Axonify
0010h00001axiWHAAY,Telenet Group Holding,Belgium,Prospect,Axonify
001Mm00000DM1jPIAT,Teleplan International NV,Netherlands,Prospect,Axonify
0010h00001hELZiAAO,Tempo,Serbia,Prospect,Axonify
0010h00001YbIBGAA3,Ten-X,Hungary,Prospect,Axonify
001Mm00000FXpfpIAD,TENDAM,Spain,Prospect,Axonify
0010h00001cxtilAAA,Tennant Company,Netherlands,Prospect,Axonify
001Mm00000DLtbMIAT,Terberg Group B.V.,Netherlands,Prospect,Axonify
0010h00001XWn1ZAAT,Tereos,Belgium,Prospect,Axonify
001Mm00000DLx57IAD,Termeer Group,Netherlands,Prospect,Axonify
0010h00001ktjOJAAY,Ternium,Luxembourg,Prospect,Axonify
0010h00001cxtzfAAA,Terumo Europe,Belgium,Prospect,Axonify
0010h00001cxtxQAAQ,Tessenderlo Group,Belgium,Prospect,Axonify
0018a00002K8PPjAAN,TETA drogerie,Czech Republic,Prospect,Axonify
0010L00001jTTeAQAW,Tetra Pak Inc.,Switzerland,Prospect,Axonify
001Mm00000DM3o6IAD,TEXAID Textilverwertungs - AG,Switzerland,Prospect,Axonify
0010h00001cxu3sAAA,TFL Group,Switzerland,Prospect,Axonify
0018a00001kwE9LAAU,The Briefing Room,Netherlands,Prospect,Axonify
001Mm00000amN4JIAU,The Education Company,Netherlands,Prospect,Axonify
001Mm00000QgDTJIA3,The Elysium Group LLC,Belgium,Prospect,Axonify
0010h00001cxtruAAA,The Greenery,Netherlands,Prospect,Axonify
0010h00001Zo011AAB,The learning hub,Belgium,Prospect,Axonify
0018a00001n3czYAAQ,The Marketing Technology and Innovation Institute,Belgium,Prospect,Axonify
001Mm00000DM38wIAD,The Nuance Group AG,Switzerland,Prospect,Axonify
0018a00002JaWO2AAN,The Outspoken,Romania,Prospect,Axonify
001Mm00000DLo4PIAT,The Sting B.v.,Netherlands,Prospect,Axonify
001Mm00000DLkofIAD,The Swatch Group AG,Switzerland,Prospect,Axonify
0010h00001cxtseAAA,The Swatch Group Services,Switzerland,Prospect,Axonify
0010h00001fdZquAAE,TherapyChat,Spain,Prospect,Axonify
001E0000018eMQmIAM,ThyssenKrupp Netherlands,Belgium,Prospect,Axonify
001Mm00000K1aXPIAZ,Tim Antunovic,Croatia,Prospect,Axonify
001Mm00000H33cIIAR,tim Danismanlik,Turkey,Prospect,Axonify
001Mm00000DLdtmIAD,Timex Group B.V.,Netherlands,Prospect,Axonify
0018a00001tEZKAAA4,TIP,Netherlands,Prospect,Axonify
001Mm00000DM43EIAT,Tiriac Auto SRL,Romania,Prospect,Axonify
001Mm0000096GRWIA2,TISAK,Croatia,Prospect,Axonify
001Mm00000DLx9sIAD,Tizproba Magyarorszag Kereskedelmi,Hungary,Prospect,Axonify
0010h00001cxuN3AAI,TMG,Netherlands,Prospect,Axonify
001E0000017sXM2IAM,TomTom,Netherlands,Prospect,Axonify
001Mm00000BXcWPIA1,Tony?s Chocolonely,Netherlands,Prospect,Axonify
001Mm00000AtwDhIAJ,TopChallenge Group,Portugal,Prospect,Axonify
001Mm00000DLx58IAD,Torgovyi Dom Na Nemige Sp,Belarus,Prospect,Axonify
0010h00001cxtnpAAA,Toro Europe,Belgium,Prospect,Axonify
0010h00001cxtgrAAA,Total Belgium,Belgium,Prospect,Axonify
0010h00001cxtcwAAA,Touring Club Suisse,Switzerland,Prospect,Axonify
001Mm00000AflV4IAJ,Tous Jewelry,Spain,Prospect,Axonify
001Mm00000DM3PMIA1,Toyota Caetano Portugal SA,Portugal,Prospect,Axonify
001E000001fENalIAG,Toyota Motor Europe (TME),Belgium,Prospect,Axonify
0010h00001cxuUZAAY,TP Vision,Belgium,Prospect,Axonify
001Mm00000DM4JnIAL,Trade House Na Nemige Ltd.,Belarus,Prospect,Axonify
0010L00001qw2aXQAQ,Tradition,Switzerland,Prospect,Axonify
0010h00001cxxo7AAA,Trafigura,Switzerland,Prospect,Axonify
0010h00001cxuOFAAY,Transcom,Spain,Prospect,Axonify
0010h00001cxtnvAAA,Transdev Nederland,Netherlands,Prospect,Axonify
001Mm00000DLtNyIAL,Transmissions and Engineering Services Netherlands BV,Netherlands,Prospect,Axonify
0010h00001YrzyoAAB,Transocean,Switzerland,Prospect,Axonify
001Mm00000DM3nyIAD,Transportes J. Carrion S.A.U.,Spain,Prospect,Axonify
001Mm00000DM38aIAD,Transports Publics Genevois,Switzerland,Prospect,Axonify
0018a000020rCG8AAM,Trespa,Netherlands,Prospect,Axonify
0010h00001cxuA5AAI,TriFinance,Belgium,Prospect,Axonify
001Mm00000BXV58IAH,TRIFT Inc.,Estonia,Prospect,Axonify
0018a000026gaSSAAY,Tropos AR,Belgium,Prospect,Axonify
001Mm00000DUwtEIAT,Tryp Sa,Spain,Prospect,Axonify
001Mm00000DLx59IAD,Tsum Minsk,Belarus,Prospect,Axonify
0018a00002FJQFuAAP,TTA International,Netherlands,Prospect,Axonify
0010h00001cxuOaAAI,TUI Travel Group Solutions Limited,Switzerland,Prospect,Axonify
001Mm00000H32bPIAR,Tulser,Netherlands,Prospect,Axonify
001Mm00000MKg7RIAT,Turk Hava Yollari AO,Turkey,Prospect,Axonify
001E000000pDUWGIA4,Turkcell,Turkey,Prospect,Axonify
0018a00002FIqXeAAL,Turkish Aerospace,Turkey,Prospect,Axonify
001Mm00000MKMTlIAP,TUS Trgovine,Slovenia,Prospect,Axonify
0010h00001cxu0YAAQ,TVH,Belgium,Prospect,Axonify
0010h00001cxuUQAAY,TVH EQUIPMENT,Belgium,Prospect,Axonify
0018a00001m2DK4AAM,Twenix,Spain,Prospect,Axonify
0010L00001kVVjnQAG,Türk Telekom,Turkey,Prospect,Axonify
001Mm00000DM42rIAD,Uab Eugesta,Lithuania,Prospect,Axonify
001Mm00000DLd9ZIAT,Uab Nemuno Vaistine,Lithuania,Prospect,Axonify
001Mm00000DLtNYIA1,UAB Senuku Prekybos Centras,Lithuania,Prospect,Axonify
001Mm00000DM43GIAT,UAB Vilniaus Prekyba,Lithuania,Prospect,Axonify
0018a00001tEVrdAAG,UBC Group,Ukraine,Prospect,Axonify
0010L00001kWf8HQAS,Uber International,Netherlands,Prospective Partner,Axonify
001E0000019NBFxIAO,UBS Ag,Switzerland,Prospect,Axonify
0010h00001YayNJAAZ,UCB,Belgium,Prospect,Axonify
0010h00001cxtcjAAA,UCB Pharma Spain,Belgium,Prospect,Axonify
001Mm00000ch4DoIAI,UniCredit Bank Romania,Romania,Prospect,Axonify
001Mm00000DM4JDIA1,Unisource Belgium BVBA,Belgium,Prospect,Axonify
001Mm00000DM3PGIA1,United Bakeries a.s.,Czech Republic,Prospect,Axonify
001E000000zoTKGIA2,United Nations Institute for Training and Research,Switzerland,Prospective Partner,Axonify
0018a00001tEXSsAAO,Universidad Politecnica de Madrid,Spain,Prospect,Axonify
0010h00001cxu5DAAQ,University of Antwerp,Belgium,Prospect,Axonify
001Mm00000DM3o7IAD,Unix Auto Es Alkatreszkereskedelmi Korlatolt Felelossegu Tarsasag,Hungary,Prospect,Axonify
001Mm00000DLx4XIAT,Unió Coop Szövetkezeti Kereskedelmi Zártkörûen Mûködõ Részvénytársaság,Hungary,Prospect,Axonify
0010h00001cxtqQAAQ,Unternehmensgruppe Theo Müller,Luxembourg,Prospect,Axonify
0010h00001cxtggAAA,UZGent,Belgium,Prospect,Axonify
001Mm00000DM4JRIA1,V - ZUG Holding AG,Switzerland,Prospect,Axonify
0010h00001cxtjRAAQ,V-ZUG AG,Switzerland,Prospect,Axonify
0010h00001a9ja8AAA,Vacheron Constantin,Switzerland,Prospect,Axonify
0010h00001cxuuiAAA,VACUUMSCHMELZE,Slovakia,Prospect,Axonify
001Mm00000cNN7iIAG,vaibe,Portugal,Prospect,Axonify
001Mm00000DLvcbIAD,Van de Velde NV,Belgium,Prospect,Axonify
001Mm00000DM43FIAT,Van Mossel Groep B.V.,Netherlands,Prospect,Axonify
001E0000017r8xDIAQ,Van Oord,Netherlands,Prospect,Axonify
0010h00001cxuTWAAY,Vandemoortele Eeklo,Belgium,Prospect,Axonify
0010L00001rF1P0QAK,Vanderlande,Netherlands,Prospect,Axonify
0018a000020rCH6AAM,Vandersanden,Belgium,Prospect,Axonify
001Mm00000DLvMIIA1,vanHaren Schoenen BV,Netherlands,Prospect,Axonify
001Mm00000DLpKRIA1,Varteks Dd,Croatia,Prospect,Axonify
001Mm00000cOqAsIAK,Vatel Belgium,Belgium,Prospect,Axonify
0010h00001iy98oAAA,VCC LIVE,Hungary,Prospect,Axonify
0010h00001YtL8oAAF,Veeam Software,Switzerland,Prospect,Axonify
0018a00001qXcOOAA0,Vekoma,Netherlands,Prospect,Axonify
001Mm00000Wfm4gIAB,Venomite,Estonia,Prospect,Axonify
001Mm00000G7a2NIAR,Veolis,Belgium,Prospect,Axonify
0010h00001dxOncAAE,VEON,Netherlands,Prospect,Axonify
0010h00001cxuO3AAI,Versalis International S.A.,Belgium,Prospect,Axonify
001Mm00000DLtbHIAT,Versuni Netherlands B.V.,Netherlands,Prospect,Axonify
001Mm00000DLvMTIA1,Vesta,Belarus,Prospect,Axonify
0010h00001cxtxPAAQ,Vetropack Holding AG,Belgium,Prospect,Axonify
0010h00001cxtoGAAQ,Vetter Pharma,Belgium,Prospect,Axonify
0010h00001cxtmpAAA,Vetter Pharma-Fertigung GmbH & Co. KG,Spain,Prospect,Axonify
001E000001UNcWBIA1,VF International,Switzerland,Prospect,Axonify
0010h00001fbjPSAAY,Victus Group,Croatia,Previous Customer,Axonify
0010h00001jTcQ2AAK,Videnci,Spain,Prospect,Axonify
001Mm00000DLx9LIAT,Viessmann Refrigeration Solutions Benelux BV,Netherlands,Prospect,Axonify
0010h00001cxu5oAAA,VIEWNEXT,Spain,Prospect,Axonify
0010h00001ZydQgAAJ,Vifor Pharma,Switzerland,Previous Customer,Axonify
0010h00001cxuBWAAY,VINCI Energies NL,Netherlands,Prospect,Axonify
001Mm00000PFWagIAH,Vindea Kft.,Hungary,Prospect,Axonify
001Mm00000DLdtOIAT,Vinçotte N.V.,Belgium,Prospect,Axonify
0010h00001cxtr6AAA,VION Food,Netherlands,Prospect,Axonify
001Mm00000DLx9MIAT,Vitebskie Produkty Oao,Belarus,Prospect,Axonify
0018a00001uBRIoAAO,Vlisco,Netherlands,Prospect,Axonify
0018a000020rCGrAAM,Vm Building Solutions Benelux,Belgium,Prospect,Axonify
001Mm00000MKZNqIAP,Volvo Construction Equipment Corporation,Belgium,Prospect,Axonify
001Mm00000MKZNsIAP,Volvo Construction Equipment N.V.,Netherlands,Prospect,Axonify
0010L00001rc9EZQAY,Volvo Group University,Belgium,Prospect,Axonify
0010h00001j73QZAAY,Vontobel,Switzerland,Prospect,Axonify
0010h00001cxu0eAAA,VOPAK TERMINAL ALGECIRAS,Spain,Prospect,Axonify
001Mm00000DLdtXIAT,Vos Logistics N.V.,Netherlands,Prospect,Axonify
001Mm00000DLx5AIAT,Votorantim Cimentos International SA,Luxembourg,Prospect,Axonify
0010h00001ZykRaAAJ,VTTI B.V.,Netherlands,Prospect,Axonify
001Mm00000DM3nqIAD,Waberer's Holding Pte Co.,Hungary,Prospect,Axonify
001Mm00000DM4E2IAL,WABERER's International SZÁLLÍTMÁNYOZÓ ÉS FUVAROZÓ ZÁRTKÖRÛEN MÛKÖDÕ RÉSZVÉ,Hungary,Prospect,Axonify
0010h00001cxu0mAAA,"Wacker Biotech GmbH, Halle / Jena",Netherlands,Prospect,Axonify
0018a000020rmAXAAY,Walder Wyss AG,Switzerland,Prospect,Axonify
0010h00001cxu3jAAA,WashTec AG,Ukraine,Prospect,Axonify
0010h00001cxuTXAAY,Wavin Group,Netherlands,Prospect,Axonify
0010h00001cxuC7AAI,Wavin Plastics Industry AS EN 2015 - Present,Turkey,Prospect,Axonify
001Mm00000Atip4IAB,WE Europe,Netherlands,Prospect,Axonify
001Mm00000MKaKbIAL,WE Finance and Services (Luxembourg) Sarl,Luxembourg,Prospect,Axonify
001Mm00000DM38tIAD,We International BV,Netherlands,Prospect,Axonify
0018a00001lbak6AAA,Webfleet Solutions,Netherlands,Prospect,Axonify
0010h00001cxtlkAAA,Webhelp Enterprise Sales Solutions,Czech Republic,Prospect,Axonify
0010h00001cxuVmAAI,Weidmann Electrical Technology AG,Switzerland,Prospect,Axonify
0018a00001kuqWZAAY,Wellbees,Turkey,Prospect,Axonify
0018a00001mVjvEAAS,Whatagraph,Netherlands,Prospect,Axonify
001Mm00000DLpJwIAL,Wibra Supermarkt B.V.,Netherlands,Prospect,Axonify
0010h00001cxtyuAAA,Wienerberger AG,Belgium,Prospect,Axonify
0018a00001tCwvyAAC,WinSales Consulting,Romania,Prospect,Axonify
0018a00002JaYwwAAF,wipo,Estonia,Prospect,Axonify
001Mm00000A2z4rIAB,WOG,Ukraine,Prospect,Axonify
001Mm00000DLvMhIAL,Wolseley Eastern Europe,Czech Republic,Prospect,Axonify
0010L00001kWjlmQAC,Wolters Kluwer N.V.,Netherlands,Prospect,Axonify
0010h00001cxuUDAAY,Wolters Kluwer Tax & Accounting,Spain,Prospect,Axonify
0010h00001j6wUUAAY,Woonivers,Spain,Prospect,Axonify
0018a000026gUlmAAE,Workofo,Lithuania,Prospect,Axonify
001Mm00000MKXGyIAP,World Duty Free Group S.A.,Spain,Prospect,Axonify
001Mm00000AtoeMIAR,Wow Concept,Spain,Prospect,Axonify
0018a00002MUm8UAAT,X-Elio,Spain,Prospect,Axonify
001Mm00000DLkp5IAD,Xtrion N.V.,Belgium,Prospect,Axonify
0010h00001cxuOCAAY,Y?ld?z Holding,Turkey,Prospect,Axonify
0010L00001pCSbBQAW,Yapi Kredi,Turkey,Prospect,Axonify
001Mm00000BKVB0IAP,Ydistri,Czech Republic,Prospect,Axonify
001Mm00000DM38QIAT,Yettel Bulgaria,Bulgaria,Prospect,Axonify
001Mm00000DLtXPIA1,Yettel Serbia,Serbia,Prospect,Axonify
001Mm00000DLx5BIAT,Zadneprov'E,Belarus,Prospect,Axonify
0010h00001cxtpLAAQ,Zagrebacka pivovara - a Molson Coors Company,Croatia,Prospect,Axonify
001Mm00000DM42VIAT,Zalakeramia Zrt.,Hungary,Prospect,Axonify
001Mm00000DM4ImIAL,"Zara Bucuresti, Srl",Romania,Prospect,Axonify
001Mm00000DM3o3IAD,Zeeman Textiel Supers,Belgium,Prospect,Axonify
001Mm00000DLkovIAD,Zemaitijos Pienas AB,Lithuania,Prospect,Axonify
0010h00001cxtqBAAQ,Zentiva,Czech Republic,Prospect,Axonify
0010h00001cxu0gAAA,ZF Wind Power,Belgium,Prospect,Axonify
001Mm00000DLkpBIAT,ZFV - Unternehmungen,Switzerland,Prospect,Axonify
001E000001A7dUkIAJ,Ziggurat Talencentrum,Netherlands,Prospect,Axonify
0018a000026geNNAAY,Zitcha,Switzerland,Prospect,Axonify
001Mm00000DM4DqIAL,Zito d.o.o.,Croatia,Prospect,Axonify
0010h00001cyxt0AAA,ZLM,Netherlands,Prospect,Axonify
001Mm00000DM37vIAD,Zwanenberg Food Group B.V.,Netherlands,Prospect,Axonify
0010h00001d0lkEAAQ,Таврум Плюс,Belarus,Prospect,Axonify
0010h00001cxuvdAAA,Agfa Graphics,Germany,Prospect,Axonify
001E0000017snShIAI,Airbus Defence and Space Saudi Arabia,Saudi Arabia,Prospect,Axonify
0010h00001iisYYAAY,Aspiag Service (spar italy),Italy,Prospect,Axonify
0010h00001cxtsBAAQ,B. Braun Group Italy,Italy,Prospect,Axonify
0010L00001jTTxTQAW,Banco Santander-Puerto Rico Inc,United States,Prospect,Axonify
0010h00001YkiJvAAJ,Bobst North America,Germany,Prospect,Axonify
001E000000F1oJ2IAJ,"Calvin Klein, Inc.",United States,Prospect Logo,Axonify
0010h00001YbOMRAA3,Caroline Herrera,United States,Prospect,Axonify
0010h00001iisYdAAI,Coop Alleanza 3.0,Italy,Prospect,Axonify
0010h00001iisYjAAI,Denner,Germany,Prospect,Axonify
0010L00001jTSTwQAO,Dofasco,Canada,Prospect,Axonify
0010h00001cxteKAAQ,DRT - Les Dérivés Résiniques et Terpéniques,France,Prospect,Axonify
0010L00001jTRukQAG,"DSM Holding Company Usa, Inc.",United States,Prospect,Axonify
0010h00001YbHrQAAV,"Duty Free Americas, Inc.",United States,Prospect,Axonify
0010h00001hELZ0AAO,ENA,Greece,Prospect,Axonify
0010h00001fdWoDAAU,FNAC Darty S.A.,France,Prospect,Axonify
0010L00001jTTGHQA4,"Franke USA Holding, Inc.",United States,Prospect,Axonify
001Mm00000EU0kBIAT,GRANDVISION FRANCE,France,Prospect,Axonify
0018a00001tEVg0AAG,Hunter Douglas North America,United States,Prospect,Axonify
0010h00001cxu2iAAA,"IKEA Distribution Services Central Europe, Customer Fulfilment",Germany,Prospect,Axonify
001Mm00000FosMPIAZ,IKEA Italia Retail srl,Italy,Prospect,Axonify
0018a00002JaYvFAAV,ING,United States,Prospect,Axonify
0018a000020rs3oAAA,Jaeger-LeCoultre,United States,Prospect,Axonify
0010h00001cxtoQAAQ,KYOCERA Document Solutions Deutschland,Germany,Prospect,Axonify
0018a00001tEVnSAAW,Lafarge North America,Canada,Prospect,Axonify
0010L00001jTUbbQAG,Lonza America Inc.,United States,Prospect,Axonify
0010L00001jTcxhQAC,Martek Biosciences Corporation,United States,Prospect,Axonify
001E000000i14d3IAA,Novartis,United States,Prospect,Axonify
0010L00001jTdggQAC,"PVH Canada, Inc",Canada,Prospect,Axonify
0010h00001cxtmzAAA,Richemont Northern Europe,Germany,Prospect,Axonify
001E000000i0nboIAA,SABIC INNOVATIVE PLASTICS US LLC,United States,Prospect,Axonify
0010L00001jTTJUQA4,Sandoz,United States,Prospect,Axonify
0010L00001jTRA5QAO,Santander US,United States,Prospect,Axonify
0010h00001iisZGAAY,Selgros Cash & Carry Germany,Germany,Prospect,Axonify
0010h00001iisZmAAI,Spar Russia,Russian Federation,Prospect,Axonify
001E0000002H2CxIAK,Swarovski North America Limited,United States,Prospect,Axonify
0010L00001kUtNwQAK,The Warnaco Group Inc,United States,Prospect Logo,Axonify
001Mm00000cXtsqIAC,Timex Group,United States,Prospect,Axonify
0010L00001qvPtzQAE,Tommy Hilfiger,United States,Prospect Logo,Axonify
0010h00001cxu4lAAA,Volvo Construction Equipment Germany,Germany,Prospect,Axonify
0010h00001a9lZ8AAI,World Duty Free Group,Italy,Prospect,Axonify
0010h00001fdWmCAAU,Coop Italia,Italy,Prospect,Axonify
0010L00001jTbypQAC,"Eon Labs, Inc.",United States,Prospect,Axonify
0010L00001jTUQOQA4,Fougera Pharmaceuticals Inc.,United States,Prospect,Axonify
001Mm00000Atfo0IAB,Media-Saturn-Holding GmbH,Germany,Prospect,Axonify
0010L00001jTR7cQAG,Novartis Pharmaceuticals Corporation,United States,Prospect,Axonify
001E000001M47lTIAR,"Santander Bank, N.A.",United States,Prospect,Axonify
0018a00001tETVoAAO,"Stellar Partners, Inc.",United States,Prospect,Axonify
001Mm00000AflmpIAB,UNICOOP TIRRENO,Italy,Prospect,Axonify
