Id,triggerfield__c
003Mm00000YQHhpIAH,
003Mm00000YQOSzIAP,
003Mm00000YQYvJIAX,
003Mm00000YQfC1IAL,
003Mm00000YQfDdIAL,
003Mm00000YQfFFIA1,
003Mm00000YQfNJIA1,
003Mm00000YQfDeIAL,
003Mm00000YRFgwIAH,
003Mm00000YRKdOIAX,
003Mm00000YRKdPIAX,
003Mm00000YRKdQIAX,
003Mm00000YRG6mIAH,
003Mm00000YRAe5IAH,
003Mm00000YRLBFIA5,
003Mm00000YREEhIAP,
003Mm00000YSiP7IAL,
003Mm00000YT07VIAT,
003Mm00000YTG5pIAH,
003Mm00000YTqMEIA1,
003Mm00000YTqVtIAL,
003Mm00000YTtOvIAL,
003Mm00000YTtlVIAT,
003Mm00000YTvSLIA1,
003Mm00000YUKnLIAX,
003Mm00000YUSRWIA5,
003Mm00000YUSRXIA5,
003Mm00000YUSRYIA5,
003Mm00000YUSRZIA5,
003Mm00000YUSRaIAP,
003Mm00000YUSRbIAP,
003Mm00000YUSRcIAP,
003Mm00000YUSRdIAP,
003Mm00000YUSReIAP,
003Mm00000YUSRfIAP,
003Mm00000YUSRgIAP,
003Mm00000YUSRhIAP,
003Mm00000YUSRiIAP,
003Mm00000YU5GRIA1,
003Mm00000YU5GSIA1,
003Mm00000YU5GTIA1,
003Mm00000YU5GUIA1,
003Mm00000YU5GVIA1,
003Mm00000YU5GWIA1,
003Mm00000YU5GXIA1,
003Mm00000YU5GYIA1,
003Mm00000YU5GZIA1,
003Mm00000YU5GaIAL,
003Mm00000YU5GbIAL,
003Mm00000YU5GcIAL,
003Mm00000YU5GdIAL,
003Mm00000YU5GeIAL,
003Mm00000YU5GfIAL,
003Mm00000YU5GgIAL,
003Mm00000YU5GhIAL,
003Mm00000YUPDXIA5,
003Mm00000YUPDYIA5,
003Mm00000YUPDZIA5,
003Mm00000YUPDaIAP,
003Mm00000YUPDbIAP,
003Mm00000YUPDcIAP,
003Mm00000YUPDdIAP,
003Mm00000YUPDeIAP,
003Mm00000YUPDfIAP,
003Mm00000YUPDgIAP,
003Mm00000YUPDhIAP,
003Mm00000YUPDiIAP,
003Mm00000YUPDjIAP,
003Mm00000YUPDkIAP,
003Mm00000YUPDlIAP,
003Mm00000YUPDmIAP,
003Mm00000YUPDnIAP,
003Mm00000YUPDoIAP,
003Mm00000YUUl3IAH,
003Mm00000YUUl4IAH,
003Mm00000YUUl5IAH,
003Mm00000YUUl6IAH,
003Mm00000YUUl7IAH,
003Mm00000YUUl8IAH,
003Mm00000YUUl9IAH,
003Mm00000YUUlAIAX,
003Mm00000YUUlBIAX,
003Mm00000YUUlCIAX,
003Mm00000YUUlDIAX,
003Mm00000YUUlFIAX,
003Mm00000YUUlGIAX,
003Mm00000YUUujIAH,
003Mm00000YUUukIAH,
003Mm00000YUUulIAH,
003Mm00000YUUumIAH,
003Mm00000YUUunIAH,
003Mm00000YUUuoIAH,
003Mm00000YUEwQIAX,
003Mm00000YUEwRIAX,
003Mm00000YUEwSIAX,
003Mm00000YUEwTIAX,
003Mm00000YUQrCIAX,
003Mm00000YUMtyIAH,
003Mm00000YUflJIAT,
003Mm00000YUixhIAD,
003Mm00000YVYJaIAP,
003Mm00000YX18DIAT,
003Mm00000YX150IAD,
003Mm00000YWqESIA1,
003Mm00000YX0IcIAL,
003Mm00000YX1bHIAT,
003Mm00000YX2NdIAL,
003Mm00000YX1RcIAL,
003Mm00000YX2p3IAD,
003Mm00000YX0gpIAD,
003Mm00000YX19rIAD,
003Mm00000YX2QsIAL,
003Mm00000YXdTeIAL,
003Mm00000YXj61IAD,
003Mm00000YXfKEIA1,
003Mm00000YXgWMIA1,
003Mm00000YXwGBIA1,
003Mm00000YalWHIAZ,
003Mm00000YePNVIA3,
003Mm00000YeXUjIAN,
003Mm00000YexygIAB,
003Mm00000YfUhiIAF,
003Mm00000YfWOXIA3,
003Mm00000YgmCjIAJ,
003Mm00000Ygp2XIAR,
003Mm00000YgpfFIAR,
003Mm00000YgpfGIAR,
003Mm00000YgpfHIAR,
003Mm00000YgpfIIAR,
003Mm00000YgpfJIAR,
003Mm00000YgpfKIAR,
003Mm00000YgpfLIAR,
003Mm00000YgpfMIAR,
003Mm00000YgpfNIAR,
003Mm00000YgpfOIAR,
003Mm00000YgpfPIAR,
003Mm00000YgpfQIAR,
003Mm00000YgpfRIAR,
003Mm00000YgpfSIAR,
003Mm00000YgpfTIAR,
003Mm00000YgpfUIAR,
003Mm00000YgpfVIAR,
003Mm00000YgpfWIAR,
003Mm00000Ygs0PIAR,
003Mm00000YgwjiIAB,
003Mm00000YgwjjIAB,
003Mm00000YgwjkIAB,
003Mm00000YgwjlIAB,
003Mm00000YgwjmIAB,
003Mm00000YgwjnIAB,
003Mm00000YgwjoIAB,
003Mm00000YgwjpIAB,
003Mm00000YgwjqIAB,
003Mm00000YgwjrIAB,
003Mm00000YgwjsIAB,
003Mm00000YgwjtIAB,
003Mm00000YgwjuIAB,
003Mm00000YgwjvIAB,
003Mm00000YgwjwIAB,
003Mm00000YhCC1IAN,
003Mm00000YhCC2IAN,
003Mm00000YhCC3IAN,
003Mm00000YhCC4IAN,
003Mm00000YhCC5IAN,
003Mm00000YhCC6IAN,
003Mm00000YgrItIAJ,
003Mm00000YgrIuIAJ,
003Mm00000YgrIvIAJ,
003Mm00000YgrIwIAJ,
003Mm00000YgrIxIAJ,
003Mm00000YgrIyIAJ,
003Mm00000YgrIzIAJ,
003Mm00000YgrJ0IAJ,
003Mm00000YgrJ1IAJ,
003Mm00000YgrJ2IAJ,
003Mm00000YgrJ3IAJ,
003Mm00000YgrJ4IAJ,
003Mm00000YgrJ5IAJ,
003Mm00000YgrJ6IAJ,
003Mm00000YgrJ7IAJ,
003Mm00000YgrJ8IAJ,
003Mm00000YgrJ9IAJ,
003Mm00000YgrJAIAZ,
003Mm00000YgrJBIAZ,
003Mm00000YgrJCIAZ,
003Mm00000YgrJDIAZ,
003Mm00000YgiqkIAB,
003Mm00000YhMzOIAV,
003Mm00000YhVcrIAF,
003Mm00000YhVcsIAF,
003Mm00000YhVctIAF,
003Mm00000YhVcuIAF,
003Mm00000YhVcvIAF,
003Mm00000YhVcwIAF,
003Mm00000YhVcxIAF,
003Mm00000YhVcyIAF,
003Mm00000YhVczIAF,
003Mm00000YhVd0IAF,
003Mm00000YhVd1IAF,
003Mm00000YhVd2IAF,
003Mm00000YhVd3IAF,
003Mm00000YhVd4IAF,
003Mm00000YhVd5IAF,
003Mm00000YhVd6IAF,
003Mm00000YhVd7IAF,
003Mm00000YhVd8IAF,
003Mm00000YhVd9IAF,
003Mm00000YhVdAIAV,
003Mm00000YhVdBIAV,
003Mm00000YhVdCIAV,
003Mm00000YhN4FIAV,
003Mm00000YhN4GIAV,
003Mm00000YhN4HIAV,
003Mm00000YhN4IIAV,
003Mm00000YhN4JIAV,
003Mm00000YhN4KIAV,
003Mm00000YhN4LIAV,
003Mm00000YhN4MIAV,
003Mm00000YhN4NIAV,
003Mm00000YhN4OIAV,
003Mm00000YhN4PIAV,
003Mm00000YhN4QIAV,
003Mm00000YhN4RIAV,
003Mm00000YhN4SIAV,
003Mm00000YhN4TIAV,
003Mm00000YhN4UIAV,
003Mm00000YhN4VIAV,
003Mm00000YhN4WIAV,
003Mm00000YhN4XIAV,
003Mm00000YhDRTIA3,
003Mm00000YhDRUIA3,
003Mm00000YhDRVIA3,
003Mm00000YhDRWIA3,
003Mm00000YhDRXIA3,
003Mm00000YhDRYIA3,
003Mm00000YhgYHIAZ,
003Mm00000YijgzIAB,
003Mm00000Yj3z3IAB,
003Mm00000YjMX3IAN,
003Mm00000Yk1VaIAJ,
003Mm00000Yk1VbIAJ,
003Mm00000Yk1VcIAJ,
003Mm00000Yk1VdIAJ,
003Mm00000Yk1VeIAJ,
003Mm00000Yk1VfIAJ,
003Mm00000Yk1VgIAJ,
003Mm00000Yk1VhIAJ,
003Mm00000Yk1ViIAJ,
003Mm00000Yk1VjIAJ,
003Mm00000Yk1VkIAJ,
003Mm00000Yk1VlIAJ,
003Mm00000Yk1VmIAJ,
003Mm00000Yk1VnIAJ,
003Mm00000YkEpCIAV,
003Mm00000YkOAHIA3,
003Mm00000YkUXNIA3,
003Mm00000YkUXOIA3,
003Mm00000YkUXPIA3,
003Mm00000YkUXQIA3,
003Mm00000YkUXRIA3,
003Mm00000YkUXSIA3,
003Mm00000YkUXTIA3,
003Mm00000YkUXUIA3,
003Mm00000YkUXVIA3,
003Mm00000YkUXWIA3,
003Mm00000YkUXXIA3,
003Mm00000YkUXYIA3,
003Mm00000YkUXZIA3,
003Mm00000YkUXaIAN,
003Mm00000YkWPYIA3,
003Mm00000YkbiaIAB,
003Mm00000YkbibIAB,
003Mm00000YkRBMIA3,
003Mm00000YkeTaIAJ,
003Mm00000Yl0HAIAZ,
003Mm00000Yl2xFIAR,
003Mm00000Yl2xGIAR,
003Mm00000Yl2xHIAR,
003Mm00000YlUboIAF,
003Mm00000YnQFVIA3,
003Mm00000YnYY2IAN,
003Mm00000YnVtWIAV,
003Mm00000YnYeUIAV,
003Mm00000YnYeVIAV,
003Mm00000YnYeWIAV,
003Mm00000YnYeXIAV,
003Mm00000YnYeYIAV,
003Mm00000YnYeZIAV,
003Mm00000YnYeaIAF,
003Mm00000YnYebIAF,
003Mm00000YnYecIAF,
003Mm00000YnYedIAF,
003Mm00000YnYeeIAF,
003Mm00000YnYefIAF,
003Mm00000YnYegIAF,
003Mm00000YnYehIAF,
003Mm00000YnYeiIAF,
003Mm00000YnYejIAF,
003Mm00000YnYekIAF,
003Mm00000YnYelIAF,
003Mm00000YnYemIAF,
003Mm00000YneTlIAJ,
003Mm00000YneTmIAJ,
003Mm00000YneTnIAJ,
003Mm00000YneToIAJ,
003Mm00000YneTpIAJ,
003Mm00000YneTqIAJ,
003Mm00000YneTrIAJ,
003Mm00000YneTsIAJ,
003Mm00000YneTtIAJ,
003Mm00000YneTuIAJ,
003Mm00000YneTvIAJ,
003Mm00000YneTwIAJ,
003Mm00000YneTxIAJ,
003Mm00000YneTyIAJ,
003Mm00000YneTzIAJ,
003Mm00000YneU0IAJ,
003Mm00000YneU1IAJ,
003Mm00000YneU2IAJ,
003Mm00000YnVw2IAF,
003Mm00000Ynp95IAB,
003Mm00000YoJzyIAF,
003Mm00000YoJzzIAF,
003Mm00000YoK00IAF,
003Mm00000YoK01IAF,
003Mm00000YoK02IAF,
003Mm00000YoK03IAF,
003Mm00000YoK04IAF,
003Mm00000YoK05IAF,
003Mm00000YoK06IAF,
003Mm00000YoK07IAF,
003Mm00000YoK08IAF,
003Mm00000YoK09IAF,
003Mm00000YoK0AIAV,
003Mm00000YoK0BIAV,
003Mm00000YojrBIAR,
003Mm00000Yp4ikIAB,
003Mm00000YouzXIAR,
003Mm00000YotVaIAJ,
003Mm00000YpKKVIA3,
003Mm00000YpN73IAF,
003Mm00000YpBp5IAF,
003Mm00000YpNYTIA3,
003Mm00000YoyQSIAZ,
003Mm00000YpATFIA3,
003Mm00000YpDVwIAN,
003Mm00000YpI2aIAF,
003Mm00000YpNa5IAF,
003Mm00000YpIfJIAV,
003Mm00000YpHWJIA3,
003Mm00000YpEJvIAN,
003Mm00000YpNbhIAF,
003Mm00000Yp2FYIAZ,
003Mm00000YpJExIAN,
003Mm00000YpLGYIA3,
003Mm00000YpNdJIAV,
003Mm00000YpTkNIAV,
003Mm00000Yq0EsIAJ,
003Mm00000Ypv5WIAR,
003Mm00000Yq4FFIAZ,
003Mm00000Yq4VNIAZ,
003Mm00000Yq2jmIAB,
003Mm00000YpvokIAB,
003Mm00000Yq6TxIAJ,
003Mm00000Yq4NwIAJ,
003Mm00000Yq0DmIAJ,
003Mm00000YqxbVIAR,
003Mm00000YrTJjIAN,
003Mm00000YrHjwIAF,
003Mm00000Ys52LIAR,
003Mm00000Ys53xIAB,
003Mm00000YryP5IAJ,
003Mm00000YrODYIA3,
003Mm00000YrODZIA3,
003Mm00000YrODaIAN,
003Mm00000Ys55ZIAR,
003Mm00000Ys58nIAB,
003Mm00000Ys5APIAZ,
003Mm00000YrxT0IAJ,
003Mm00000YrxT1IAJ,
003Mm00000YrxT2IAJ,
003Mm00000Ys5C1IAJ,
003Mm00000YsCYTIA3,
003Mm00000YsFL3IAN,
003Mm00000YtNJnIAN,
003Mm00000YwGqPIAV,
003Mm00000YwGqQIAV,
003Mm00000YwGqRIAV,
003Mm00000YwGqSIAV,
003Mm00000YwGqTIAV,
003Mm00000YwGqUIAV,
003Mm00000YwGqVIAV,
003Mm00000YwGqWIAV,
003Mm00000YwGqXIAV,
003Mm00000YwGqYIAV,
003Mm00000YwGqZIAV,
003Mm00000YwGqaIAF,
003Mm00000YwGqbIAF,
003Mm00000YwGqcIAF,
003Mm00000YwGqdIAF,
003Mm00000YwGqeIAF,
003Mm00000YwGqfIAF,
003Mm00000YwGqgIAF,
003Mm00000YwlvrIAB,
003Mm00000YyIMkIAN,
003Mm00000YyOtVIAV,
003Mm00000YyLMAIA3,
003Mm00000YyMi2IAF,
003Mm00000YyQwvIAF,
003Mm00000YyN6EIAV,
003Mm00000YyQyXIAV,
003Mm00000YyP9eIAF,
003Mm00000YyMmtIAF,
003Mm00000YyMmuIAF,
003Mm00000YyMmvIAF,
003Mm00000YyMmwIAF,
003Mm00000YyMmxIAF,
003Mm00000YyMmyIAF,
003Mm00000YyMmzIAF,
003Mm00000YyMn0IAF,
003Mm00000YyMn1IAF,
003Mm00000YyMn2IAF,
003Mm00000YyMn3IAF,
003Mm00000YyMn4IAF,
003Mm00000YyMn5IAF,
003Mm00000YyNSoIAN,
003Mm00000YyNSpIAN,
003Mm00000YyNSqIAN,
003Mm00000YyNSrIAN,
003Mm00000YyNSsIAN,
003Mm00000YyNStIAN,
003Mm00000YyNSuIAN,
003Mm00000YyNSvIAN,
003Mm00000YyNSwIAN,
003Mm00000YyNSxIAN,
003Mm00000YyNSyIAN,
003Mm00000YyNSzIAN,
003Mm00000YyNT0IAN,
003Mm00000YyNT1IAN,
003Mm00000YyNT2IAN,
003Mm00000YyNT3IAN,
003Mm00000YyNT4IAN,
003Mm00000YyiygIAB,
003Mm00000YyiyhIAB,
003Mm00000YyiyiIAB,
003Mm00000YyiyjIAB,
003Mm00000YyiykIAB,
003Mm00000YyiylIAB,
003Mm00000YyiymIAB,
003Mm00000YyiynIAB,
003Mm00000YyiyoIAB,
003Mm00000YyiypIAB,
003Mm00000YyiyqIAB,
003Mm00000YyiyrIAB,
003Mm00000YyxeMIAR,
003Mm00000Yz961IAB,
003Mm00000YzQRpIAN,
003Mm00000YzXOVIA3,
003Mm00000Z0833IAB,
003Mm00000Z0FcPIAV,
003Mm00000Z0FirIAF,
003Mm00000Z0F6AIAV,
003Mm00000Z08r5IAB,
003Mm00000Z072BIAR,
003Mm00000Z08fmIAB,
003Mm00000Z0G0bIAF,
003Mm00000Z02KIIAZ,
003Mm00000Z0G3pIAF,
003Mm00000Z0pKvIAJ,
003Mm00000Z1Tv5IAF,
003Mm00000Z1Tv6IAF,
003Mm00000Z1Tv7IAF,
003Mm00000Z1Tv8IAF,
003Mm00000Z1Tv9IAF,
003Mm00000Z1TvAIAV,
003Mm00000Z1TvBIAV,
003Mm00000Z1TvCIAV,
003Mm00000Z1WzNIAV,
003Mm00000Z1WzOIAV,
003Mm00000Z1WzPIAV,
003Mm00000Z1WzQIAV,
003Mm00000Z1WzRIAV,
003Mm00000Z1WzSIAV,
003Mm00000Z1WzTIAV,
003Mm00000Z1WzUIAV,
003Mm00000Z1WzVIAV,
003Mm00000Z1WzWIAV,
003Mm00000Z1X5pIAF,
003Mm00000Z1X5qIAF,
003Mm00000Z1X5rIAF,
003Mm00000Z1X5sIAF,
003Mm00000Z1X5tIAF,
003Mm00000Z1X5uIAF,
003Mm00000Z1X5vIAF,
003Mm00000Z1X5wIAF,
003Mm00000Z1X5xIAF,
003Mm00000Z1UXmIAN,
003Mm00000Z1UXnIAN,
003Mm00000Z1UXoIAN,
003Mm00000Z1UXpIAN,
003Mm00000Z1UXqIAN,
003Mm00000Z1UXrIAN,
003Mm00000Z1UXsIAN,
003Mm00000Z1UXtIAN,
003Mm00000Z1UXuIAN,
003Mm00000Z1UXvIAN,
003Mm00000Z1UXwIAN,
003Mm00000Z1UXxIAN,
003Mm00000Z1nk5IAB,
003Mm00000Z2JtdIAF,
003Mm00000Z23fCIAR,
003Mm00000Z2BsvIAF,
003Mm00000Z23fDIAR,
003Mm00000Z2Bb9IAF,
003Mm00000Z2HzxIAF,
003Mm00000Z2VQCIA3,
003Mm00000Z2TGLIA3,
003Mm00000Z2MJkIAN,
003Mm00000Z2WPUIA3,
003Mm00000Z3J3bIAF,
003Mm00000Z3g0DIAR,
003Mm00000Z4EzWIAV,
003Mm00000Z54lDIAR,
003Mm00000Z5HosIAF,
003Mm00000Z5o4tIAB,
003Mm00000Z5Ti5IAF,
003Mm00000Z5wTqIAJ,
003Mm00000Z630gIAB,
003Mm00000Z6CWzIAN,
003Mm00000Z6fU9IAJ,
003Mm00000Z7gzIIAR,
003Mm00000Z7gzJIAR,
003Mm00000Z7gzKIAR,
003Mm00000Z7gzLIAR,
003Mm00000Z7gzMIAR,
003Mm00000Z7gzNIAR,
003Mm00000Z7gzOIAR,
003Mm00000Z7gzPIAR,
003Mm00000Z7gzQIAR,
003Mm00000Z7gzRIAR,
003Mm00000Z7tgLIAR,
003Mm00000Z7tgMIAR,
003Mm00000Z7tgNIAR,
003Mm00000Z7tgOIAR,
003Mm00000Z7wRJIAZ,
003Mm00000Z7wRKIAZ,
003Mm00000Z7wRLIAZ,
003Mm00000Z7wRMIAZ,
003Mm00000Z7wRNIAZ,
003Mm00000Z7wROIAZ,
003Mm00000Z7wRPIAZ,
003Mm00000Z7wRQIAZ,
003Mm00000Z7wRRIAZ,
003Mm00000Z7wRSIAZ,
003Mm00000Z7wRTIAZ,
003Mm00000Z7wRUIAZ,
003Mm00000Z7wRVIAZ,
003Mm00000Z8IbVIAV,
003Mm00000Z8Z1IIAV,
003Mm00000Z9MtBIAV,
003Mm00000Z9MunIAF,
003Mm00000ZAZ3eIAH,
003Mm00000ZAZ3fIAH,
003Mm00000ZAZ3gIAH,
003Mm00000ZAZ3hIAH,
003Mm00000ZAZ3iIAH,
003Mm00000ZB4ddIAD,
003Mm00000ZBrxkIAD,
003Mm00000ZDZyIIAX,
003Mm00000ZFDgkIAH,
003Mm00000ZFSW5IAP,
003Mm00000ZFPhuIAH,
003Mm00000ZFMLqIAP,
003Mm00000ZFSHaIAP,
003Mm00000ZFTtZIAX,
003Mm00000ZFTvBIAX,
003Mm00000ZFTwnIAH,
003Mm00000ZFU01IAH,
003Mm00000ZFGQ6IAP,
003Mm00000ZFJRGIA5,
003Mm00000ZFLBHIA5,
003Mm00000ZFN1nIAH,
003Mm00000ZFBFAIA5,
003Mm00000ZFACfIAP,
003Mm00000ZFYZtIAP,
003Mm00000ZGBRaIAP,
003Mm00000ZGBRbIAP,
003Mm00000ZGBRcIAP,
003Mm00000ZGBRdIAP,
003Mm00000ZGBReIAP,
003Mm00000ZGBRfIAP,
003Mm00000ZGBRgIAP,
003Mm00000ZGBRhIAP,
003Mm00000ZGBRiIAP,
003Mm00000ZGBRjIAP,
003Mm00000ZGBRkIAP,
003Mm00000ZGBRlIAP,
003Mm00000ZGBRmIAP,
003Mm00000ZGBRnIAP,
003Mm00000ZGBRoIAP,
003Mm00000ZGDpxIAH,
003Mm00000ZGDpyIAH,
003Mm00000ZGDpzIAH,
003Mm00000ZGDq0IAH,
003Mm00000ZGDq1IAH,
003Mm00000ZGDq2IAH,
003Mm00000ZGDq3IAH,
003Mm00000ZGDq4IAH,
003Mm00000ZGDq5IAH,
003Mm00000ZGDq6IAH,
003Mm00000ZGDq7IAH,
003Mm00000ZGDq8IAH,
003Mm00000ZGDq9IAH,
003Mm00000ZGDqAIAX,
003Mm00000ZGDqBIAX,
003Mm00000ZGDqCIAX,
003Mm00000ZGDqDIAX,
003Mm00000ZGECXIA5,
003Mm00000ZGECYIA5,
003Mm00000ZGECZIA5,
003Mm00000ZGECaIAP,
003Mm00000ZGECbIAP,
003Mm00000ZGECcIAP,
003Mm00000ZGECdIAP,
003Mm00000ZGECeIAP,
003Mm00000ZGECfIAP,
003Mm00000ZGECgIAP,
003Mm00000ZGEChIAP,
003Mm00000ZGECiIAP,
003Mm00000ZGECjIAP,
003Mm00000ZGECkIAP,
003Mm00000ZGEClIAP,
003Mm00000ZGECmIAP,
003Mm00000ZFv1rIAD,
003Mm00000ZFv1sIAD,
003Mm00000ZFv1tIAD,
003Mm00000ZFv1uIAD,
003Mm00000ZFv1vIAD,
003Mm00000ZFv1wIAD,
003Mm00000ZFv1xIAD,
003Mm00000ZFv1yIAD,
003Mm00000ZFv1zIAD,
003Mm00000ZFv20IAD,
003Mm00000ZGzmZIAT,
003Mm00000ZIl1BIAT,
003Mm00000ZIl1CIAT,
003Mm00000ZIl1DIAT,
003Mm00000ZIl1EIAT,
003Mm00000ZIl1FIAT,
003Mm00000ZIl1GIAT,
003Mm00000ZIl1HIAT,
003Mm00000ZIl1IIAT,
003Mm00000ZIl1JIAT,
003Mm00000ZIl1KIAT,
003Mm00000ZIl1LIAT,
003Mm00000ZIqvIIAT,
003Mm00000ZIqvJIAT,
003Mm00000ZIqvKIAT,
003Mm00000ZIqvLIAT,
003Mm00000ZIqvMIAT,
003Mm00000ZIqvNIAT,
003Mm00000ZIqvOIAT,
003Mm00000ZIqvPIAT,
003Mm00000ZIqvQIAT,
003Mm00000ZIqvRIAT,
003Mm00000ZIqvSIAT,
003Mm00000ZIqvTIAT,
003Mm00000ZIqvUIAT,
003Mm00000ZLp8FIAT,
003Mm00000ZLmjsIAD,
003Mm00000ZM7TJIA1,
003Mm00000ZMeaXIAT,
003Mm00000ZMXJ0IAP,
003Mm00000ZMyuEIAT,
003Mm00000ZN41xIAD,
003Mm00000ZN5cMIAT,
003Mm00000ZOP18IAH,
003Mm00000ZP2SYIA1,
003Mm00000ZPc4LIAT,
003Mm00000ZPVdzIAH,
003Mm00000ZPb3SIAT,
003Mm00000ZPdObIAL,
003Mm00000ZRve3IAD,
003Mm00000ZRxvuIAD,
003Mm00000ZSYAhIAP,
003Mm00000ZSmTlIAL,
003Mm00000ZSmYbIAL,
003Mm00000ZSmbpIAD,
003Mm00000ZSFaoIAH,
003Mm00000ZSaCYIA1,
003Mm00000ZUBOVIA5,
003Mm00000ZV3n3IAD,
003Mm00000ZXgU9IAL,
003Mm00000ZYCkBIAX,
003Mm00000ZaELFIA3,
003Mm00000ZahALIAZ,
003Mm00000ZaQayIAF,
003Mm00000ZaQkeIAF,
003Mm00000ZahFBIAZ,
003Mm00000ZaSHuIAN,
003Mm00000ZaSmRIAV,
003Mm00000ZaURfIAN,
003Mm00000ZaUbRIAV,
003Mm00000Zad0IIAR,
003Mm00000ZahQTIAZ,
003Mm00000ZaTSOIA3,
003Mm00000ZahS5IAJ,
003Mm00000ZaJyhIAF,
003Mm00000ZahWvIAJ,
003Mm00000ZagnmIAB,
003Mm00000ZbVv9IAF,
003Mm00000ZcbbvIAB,
003Mm00000ZcnwRIAR,
003Mm00000Zd1phIAB,
003Mm00000ZdgjCIAR,
003Mm00000ZfEfZIAV,
003Mm00000ZfF29IAF,
003Mm00000ZhjH7IAJ,
003Mm00000ZhlZ1IAJ,
003Mm00000ZhUZoIAN,
003Mm00000ZhvbZIAR,
003Mm00000ZhlNkIAJ,
003Mm00000Zhlh4IAB,
003Mm00000Zhq1iIAB,
003Mm00000ZhWTYIA3,
003Mm00000Zhne2IAB,
003Mm00000Zhsx5IAB,
003Mm00000ZiQM1IAN,
003Mm00000ZjJ9IIAV,
003Mm00000ZjhPeIAJ,
003Mm00000ZjsUjIAJ,
003Mm00000ZjskrIAB,
003Mm00000Zjr0qIAB,
003Mm00000ZkDqvIAF,
003Mm00000ZkfooIAB,
003Mm00000ZkL6yIAF,
003Mm00000ZkL6zIAF,
003Mm00000ZkL70IAF,
003Mm00000ZkVeCIAV,
003Mm00000ZkXfzIAF,
003Mm00000ZkUjjIAF,
003Mm00000ZkUjkIAF,
003Mm00000ZkehSIAR,
003Mm00000ZkgXxIAJ,
003Mm00000ZkPaOIAV,
003Mm00000ZkPaPIAV,
003Mm00000ZkjsPIAR,
003Mm00000ZkjUEIAZ,
003Mm00000ZkjUFIAZ,
003Mm00000ZkVz8IAF,
003Mm00000ZkVz9IAF,
003Mm00000ZkHJTIA3,
003Mm00000ZkHJUIA3,
003Mm00000ZkHJVIA3,
003Mm00000ZkjxFIAR,
003Mm00000ZkM31IAF,
003Mm00000ZkM32IAF,
003Mm00000ZkM33IAF,
003Mm00000ZkdOoIAJ,
003Mm00000ZkRVlIAN,
003Mm00000ZknPlIAJ,
003Mm00000ZkoiPIAR,
003Mm00000ZkoorIAB,
003Mm00000Zkp9pIAB,
003Mm00000ZkpzRIAR,
003Mm00000ZkowwIAB,
003Mm00000Zlgq8IAB,
003Mm00000ZlpXaIAJ,
003Mm00000Zlm6mIAB,
003Mm00000ZlhTgIAJ,
003Mm00000ZlKGwIAN,
003Mm00000ZlbprIAB,
003Mm00000ZlfZvIAJ,
003Mm00000Zln9JIAR,
003Mm00000ZlUo9IAF,
003Mm00000ZljorIAB,
003Mm00000Zlm8MIAR,
003Mm00000ZlnikIAB,
003Mm00000ZlnpGIAR,
003Mm00000ZlrROIAZ,
003Mm00000Zlrj4IAB,
003Mm00000Zloy8IAB,
003Mm00000Zln2mIAB,
003Mm00000ZlrzBIAR,
003Mm00000ZlWoUIAV,
003Mm00000ZlqbkIAB,
003Mm00000ZljvGIAR,
003Mm00000ZloOgIAJ,
003Mm00000ZlrHgIAJ,
003Mm00000ZlmgGIAR,
003Mm00000ZlgFqIAJ,
003Mm00000ZllPEIAZ,
003Mm00000ZlnpHIAR,
003Mm00000ZlqVSIAZ,
003Mm00000ZlmgHIAR,
003Mm00000ZlrkgIAB,
003Mm00000ZlrO7IAJ,
003Mm00000ZlSrDIAV,
003Mm00000ZlfBfIAJ,
003Mm00000ZlawrIAB,
003Mm00000Zls0nIAB,
003Mm00000Zls41IAB,
003Mm00000ZlRn6IAF,
003Mm00000ZlhDWIAZ,
003Mm00000ZlpfjIAB,
003Mm00000ZlgFrIAJ,
003Mm00000Zls42IAB,
003Mm00000ZlncJIAR,
003Mm00000ZlmEoIAJ,
003Mm00000ZlcLyIAJ,
003Mm00000ZlruMIAR,
003Mm00000Zlbo2IAB,
003Mm00000ZlnkOIAR,
003Mm00000ZlpNyIAJ,
003Mm00000ZlWoVIAV,
003Mm00000ZlfeqIAB,
003Mm00000Zll2bIAB,
003Mm00000ZllFXIAZ,
003Mm00000Zls7FIAR,
003Mm00000ZljgjIAB,
003Mm00000ZlorfIAB,
003Mm00000Zlp33IAB,
003Mm00000ZlpvmIAB,
003Mm00000ZlnCRIAZ,
003Mm00000ZldY6IAJ,
003Mm00000ZlXitIAF,
003Mm00000ZlmpwIAB,
003Mm00000ZlpivIAB,
003Mm00000ZlnCSIAZ,
003Mm00000ZloQMIAZ,
003Mm00000ZlobXIAR,
003Mm00000Zle4PIAR,
003Mm00000Zlp6IIAR,
003Mm00000Zls8rIAB,
003Mm00000ZlYeqIAF,
003Mm00000Zlib1IAB,
003Mm00000Zlc7SIAR,
003Mm00000ZlawsIAB,
003Mm00000ZlrhSIAR,
003Mm00000ZlbL7IAJ,
003Mm00000ZlfGYIAZ,
003Mm00000ZlhYWIAZ,
003Mm00000ZlmuiIAB,
003Mm00000ZlqyJIAR,
003Mm00000Zle9MIAR,
003Mm00000ZlsATIAZ,
003Mm00000ZlgRAIAZ,
003Mm00000ZlpB4IAJ,
003Mm00000ZlgRBIAZ,
003Mm00000ZlqdQIAR,
003Mm00000ZlsC5IAJ,
003Mm00000ZlikgIAB,
003Mm00000ZlpUVIAZ,
003Mm00000ZllFYIAZ,
003Mm00000ZlqNHIAZ,
003Mm00000ZlsDhIAJ,
003Mm00000ZlhogIAB,
003Mm00000ZlcXCIAZ,
003Mm00000ZlpuHIAR,
003Mm00000ZlmujIAB,
003Mm00000ZlferIAB,
003Mm00000ZljyaIAB,
003Mm00000Zls5eIAB,
003Mm00000ZlsC6IAJ,
003Mm00000ZlqwmIAB,
003Mm00000ZlhgZIAR,
003Mm00000ZlrxaIAB,
003Mm00000Zlnh5IAB,
003Mm00000ZloIIIAZ,
003Mm00000ZlRYYIA3,
003Mm00000Zla44IAB,
003Mm00000ZljX5IAJ,
003Mm00000ZldegIAB,
003Mm00000Zlk13IAB,
003Mm00000ZlrG5IAJ,
003Mm00000ZljX6IAJ,
003Mm00000ZljosIAB,
003Mm00000ZlqNIIAZ,
003Mm00000ZlXR5IAN,
003Mm00000ZlKjuIAF,
003Mm00000ZlnpIIAR,
003Mm00000ZlfMyIAJ,
003Mm00000ZlZuMIAV,
003Mm00000Zls8sIAB,
003Mm00000ZlhohIAB,
003Mm00000Zlm5BIAR,
003Mm00000ZlhDXIAZ,
003Mm00000Zlpe3IAB,
003Mm00000ZlsFJIAZ,
003Mm00000ZlpW0IAJ,
003Mm00000ZlbL8IAJ,
003Mm00000Zlr39IAB,
003Mm00000Zlrj5IAB,
003Mm00000ZlnZ1IAJ,
003Mm00000ZlppKIAR,
003Mm00000ZlsGvIAJ,
003Mm00000ZlmOUIAZ,
003Mm00000Zln9KIAR,
003Mm00000ZlqLdIAJ,
003Mm00000ZlsK9IAJ,
003Mm00000ZljgkIAB,
003Mm00000Zlk8EIAR,
003Mm00000Zllp6IAB,
003Mm00000Zlqv7IAB,
003Mm00000ZlsLlIAJ,
003Mm00000ZlQUOIA3,
003Mm00000ZllVcIAJ,
003Mm00000ZlsNNIAZ,
003Mm00000ZlbQ1IAJ,
003Mm00000ZlrnvIAB,
003Mm00000Zls7GIAR,
003Mm00000ZlfEsIAJ,
003Mm00000ZlsQbIAJ,
003Mm00000ZlfI8IAJ,
003Mm00000Zlib2IAB,
003Mm00000ZljjyIAB,
003Mm00000ZlrmKIAR,
003Mm00000Zlc5qIAB,
003Mm00000ZlnsOIAR,
003Mm00000ZlhroIAB,
003Mm00000ZlsSDIAZ,
003Mm00000Zle2kIAB,
003Mm00000ZljCAIAZ,
003Mm00000ZlpkUIAR,
003Mm00000Zlrb2IAB,
003Mm00000ZlsYfIAJ,
003Mm00000ZlnsPIAR,
003Mm00000ZllFZIAZ,
003Mm00000Zle4QIAR,
003Mm00000Zlcp3IAB,
003Mm00000ZlfBgIAJ,
003Mm00000ZlqjpIAB,
003Mm00000ZlrSwIAJ,
003Mm00000ZlsDiIAJ,
003Mm00000ZljglIAB,
003Mm00000ZlnQxIAJ,
003Mm00000Zlnh6IAB,
003Mm00000ZlikhIAB,
003Mm00000ZlkxrIAB,
003Mm00000ZlsaHIAR,
003Mm00000ZlsbtIAB,
003Mm00000ZlgHVIAZ,
003Mm00000ZlhoiIAB,
003Mm00000ZlqjqIAB,
003Mm00000Zlm5CIAR,
003Mm00000ZlsdVIAR,
003Mm00000ZlRVIIA3,
003Mm00000Zlnh7IAB,
003Mm00000ZljCBIAZ,
003Mm00000ZlmI6IAJ,
003Mm00000ZlpFqIAJ,
003Mm00000ZlhFAIAZ,
003Mm00000ZlpxRIAR,
003Mm00000ZlqjrIAB,
003Mm00000ZlnMDIAZ,
003Mm00000ZlpMNIAZ,
003Mm00000Zlsf7IAB,
003Mm00000Zlfy3IAB,
003Mm00000ZlhiDIAR,
003Mm00000ZllCNIAZ,
003Mm00000ZlomvIAB,
003Mm00000ZlpcWIAR,
003Mm00000Zlfq0IAB,
003Mm00000ZlsgjIAB,
003Mm00000Zlmd7IAB,
003Mm00000ZlnMEIAZ,
003Mm00000Zlmd8IAB,
003Mm00000ZlpChIAJ,
003Mm00000ZlsjxIAB,
003Mm00000ZloJqIAJ,
003Mm00000ZlqQRIAZ,
003Mm00000Zlnh8IAB,
003Mm00000ZlsNOIAZ,
003Mm00000ZlslZIAR,
003Mm00000ZlnFjIAJ,
003Mm00000ZllKNIAZ,
003Mm00000ZlsnBIAR,
003Mm00000ZlpiwIAB,
003Mm00000Zlfq1IAB,
003Mm00000ZlsonIAB,
003Mm00000ZlcLzIAJ,
003Mm00000ZlmGTIAZ,
003Mm00000ZljAVIAZ,
003Mm00000ZldMwIAJ,
003Mm00000Zlp34IAB,
003Mm00000ZlsqPIAR,
003Mm00000Zlss1IAB,
003Mm00000ZlstdIAB,
003Mm00000Zlc5rIAB,
003Mm00000ZlsP0IAJ,
003Mm00000ZlsteIAB,
003Mm00000ZlhFBIAZ,
003Mm00000ZlsAUIAZ,
003Mm00000Zlqv8IAB,
003Mm00000ZlsvFIAR,
003Mm00000ZlswrIAB,
003Mm00000ZlgMLIAZ,
003Mm00000ZlqTjIAJ,
003Mm00000ZlSpZIAV,
003Mm00000ZlhNCIAZ,
003Mm00000ZlsyTIAR,
003Mm00000ZlmjSIAR,
003Mm00000ZllU4IAJ,
003Mm00000ZlrMVIAZ,
003Mm00000ZlsC7IAJ,
003Mm00000ZlsAVIAZ,
003Mm00000Zlt05IAB,
003Mm00000ZlnduIAB,
003Mm00000ZlpmCIAR,
003Mm00000Zlt1hIAB,
003Mm00000ZllFaIAJ,
003Mm00000ZlsjzIAB,
003Mm00000ZlsTqIAJ,
003Mm00000ZlqBwIAJ,
003Mm00000ZlXCXIA3,
003Mm00000Zlt3JIAR,
003Mm00000ZlYq9IAF,
003Mm00000ZlbUhIAJ,
003Mm00000Zlt4vIAB,
003Mm00000ZlrHhIAJ,
003Mm00000Zlb4tIAB,
003Mm00000ZlcXDIAZ,
003Mm00000ZlgqyIAB,
003Mm00000ZljDgIAJ,
003Mm00000Zlt4wIAB,
003Mm00000Zlt9lIAB,
003Mm00000ZltBNIAZ,
003Mm00000ZlfjZIAR,
003Mm00000Zls0oIAB,
003Mm00000ZltCzIAJ,
003Mm00000ZlfEtIAJ,
003Mm00000ZlpFrIAJ,
003Mm00000ZldmgIAB,
003Mm00000ZlsP1IAJ,
003Mm00000ZnLwnIAF,
003Mm00000Zo774IAB,
003Mm00000ZoCJvIAN,
003Mm00000ZoBacIAF,
003Mm00000ZoLGTIA3,
003Mm00000ZoLtDIAV,
003Mm00000ZorD3IAJ,
